fetched_at_utc,source,published,title,link,sentiment_score,sentiment_label
2026-07-11T10:23:29.516803+00:00,Google News SpaceX,"Sat, 11 Jul 2026 10:07:28 GMT","China successfully tests rocket recovery system, closes gap with SpaceX - Interesting Engineering",https://news.google.com/rss/articles/CBMisgFBVV95cUxPV1RjVjZIekZ4WkNmTjRINFM0aWg1dkVmOV9EOVpJLWNZSThjZGpBOFNWOVpTVEtaeFdrZVFNMDRzdUdZZ2ctMDNNVTBRdWhhSHlGNEt0a0NOZzNEUGtjRlRqX0RfRU54Y1NIanVUVkczVjZaWmxWQXI2bzVGZk9PTjFldUxKNE55Sjg0Tzg4Z3pJNjRVWm96dFZQYlBWYXZ6QWNDQ01aY25jTnZMTFdWTUVB?oc=5,0.7096,positive
2026-07-11T10:23:29.516803+00:00,Google News SpaceX,"Sat, 11 Jul 2026 10:00:01 GMT",Starbase like a local - Reuters,https://news.google.com/rss/articles/CBMic0FVX3lxTE9TN28zNVk2dDlXdmVfWHo3NWl5QnVGa2pRV1JwdXBZdkdxV3hXR3ViZUhjbXJGaTFKalZKRHY4Rlhaa2w0M0N3WFZ5akgzUHZ4Q0ppOFFMcWhZM3pnUER4NDJjb3ktV2RIOTRnVjFWRThZaHM?oc=5,0.3612,positive
2026-07-11T10:23:29.516803+00:00,Google News SpaceX,"Sat, 11 Jul 2026 09:51:16 GMT",SpaceX IPO Lock-Up Period: A Golden Buying Opportunity or a Liquidity Trap? - AOL.com,https://news.google.com/rss/articles/CBMifkFVX3lxTE9kTGlIVWhraU9kUzRWa1RvTmpYYVUyWlQzcTYxYkRTMUJDYkYtOTRqb2xXeFFscU82NUk0bVFNbkIybV9LMHRJV2kzVmJ4TUNKd2VFRjJkSGY3YjkzNTlON29CSWkyQnlyV3BMa0kyUmNRWWdjMm5TbjRNOF83Zw?oc=5,0.128,neutral
2026-07-11T10:23:29.516803+00:00,Google News SpaceX,"Sat, 11 Jul 2026 09:25:00 GMT",SpaceX IPO Lock-Up Period: A Golden Buying Opportunity or a Liquidity Trap? - Yahoo Finance,https://news.google.com/rss/articles/CBMimgFBVV95cUxOR2hCbTBGZkdjU2lCUGJDaWMzanE1cDIxMzV2Wkh1bTNoV0NJejJhVTZDTWluNTVVUExTdlRoR25qR1lBVENtRC16WEhYNFNUTzhnNWZ6Unc3Z2djWko0TFd4LVZzMU5ZOV9qTFpLc2g5ODVSVDhaaFZza09yUjhaQ1NPeWVPZHJqMzh4dDRZaVlzR3dWQnI1RDhB?oc=5,0.128,neutral
2026-07-11T10:23:29.516803+00:00,Google News SpaceX,"Sat, 11 Jul 2026 09:18:15 GMT",SpaceX rocket launch should be visible in Phoenix tonight - Phoenix New Times,https://news.google.com/rss/articles/CBMipwFBVV95cUxPT3pfd2Y1Vkh0cnJaX3llU1hoV0VwRThOUDdiOEItYmhNY1VySUd0dndrZW5JM0Z0M2ZLeV9hX0NRWGVwcFlRbzh5ajM3eHJSQTctbmRkOWJ2ekZTZ3ItaUhqMFRoNm55dXJQa1FYeVY0aXlTa1MzZG5LU082cVlBSUg2RlJzYWc4bnRpR29uNmRWRXh2cFF2SlgzaTdqQWhSNU82cktTUQ?oc=5,0.0,neutral
2026-07-11T10:23:29.516803+00:00,Google News SpaceX,"Sat, 11 Jul 2026 09:09:54 GMT",Charter (CHTR) Explores SpaceX Mobile Tie Up And Cox Acquisition Talks - Yahoo Finance UK,https://news.google.com/rss/articles/CBMijAFBVV95cUxQcGkyWXA1ZzliMjNkZjRNSGFzcEM1VWRQeWZTcHpEOTRDMXVDdFhjZmR5T3M3WHpSUF9XOVJyMU1PR19CQXNBWXZCSF9fZjYtNzJadnhBZjN5REhoNlBCbF9IN0Y5ZmlNY0gwdktrcGdvNDlTTjlLVVhvSHpKX2N5Ym9MejJ4QS1KcFJiRg?oc=5,0.0,neutral
2026-07-11T10:23:29.516803+00:00,Google News SpaceX,"Sat, 11 Jul 2026 09:08:00 GMT",Elon Musk on thousands of SpaceX employees becoming millionaires: I have always had the philosophy that . - The Times of India,https://news.google.com/rss/articles/CBMilAJBVV95cUxPdmxEYW9tRzRCcXJkYURKVnpqVWc5M2hDUVFWaUJTMnAzZ0NhRVQ2RVVORkRsYTAtbFRhYVFFUFhIU3FmeGtoNFpHNEsxci1FRnBaTWc5S3JPem5SdTdqRDg2REVqenVQQjJiel9KVzB2X2tWVVpKTkdQMy1WUVB1U25DcTgxeFg2Y3Y3VnVTMkNoUVN4Y3RoZVoxUVhsdGZ5dzl5Wlg0cWFoLTQwYUtVQUFlVVY5MDJvbnZSc1d6R25fS0ppd3NCQjVtaDVlNktiYjRLMk9kSjMyNUdvU2p5dWtsODFmMW5SQlktZERtZ2dic2t4YWVxaHZsenM0Z1JsUUFNY3pIZVo1WjNUTzlzb084eHrSAZoCQVVfeXFMTzJiVVIxdzRVNGxPM2pFRmgwTWFQei1WdFlvZXlnWnlyMGVFQzE2MW5vZmFjNmhYV2ZnRmFVTUFITXpWRkZVSzZXdS01bDg2UW9XVFk5SEh3YmEzV3ptRWVVVTdtRjh5YXJqdXNtQVVQOXYwMGJjTl90UWdheG1jUlo2QUpCelFLNU5XSXI0ZzlLT0lndkVpekF6ZXJyLW90d3VQVlF3d0Ffb2JyTWQwd0tqU3FLSG4zQUZNN1gwSUJHeFRoY1U0cXpUR1Nob2hFOVRsN3NLcjVZdzdnSXZPYVpSaWlhVXJicGwzMGFFS3UyZzFUVm5LbldZeEdhZmk1Wld2MXR4LVI1RVZKb1U4eTdRNUttNHBFT1lB?oc=5,0.0,neutral
2026-07-11T10:23:29.516803+00:00,Google News SpaceX,"Sat, 11 Jul 2026 09:00:29 GMT",Booster 20 Fires All 33 Engines in Record Test - KeepTrack,https://news.google.com/rss/articles/CBMiakFVX3lxTE4xbEZMaV9uT1BaeXl6LUN4cE9vTEJHNTdlbXJpbzdXYWFtSElKWlktNmJEbXBBSk1YeUZsUV94MkNwb21FNUdla2tYajMzTTAtNjVyZDFYMW8wRXBPSlctalRyTThQMGZ0Rmc?oc=5,0.0,neutral
2026-07-11T10:23:29.516803+00:00,Google News SpaceX,"Sat, 11 Jul 2026 08:57:27 GMT",Elon Musk Hints at Shocking SpaceX IPO - Root-Nation.com,https://news.google.com/rss/articles/CBMikgFBVV95cUxPbnBWY19QTXBtTWVnLTEtbnpIRGxERncwTFRHcmFCNG15d052cnlwUnZWNTB3VVJST2ZhS0pLS2RqUnQ1bWwtUDdQbFFXNU9CWHpNb1VmMmF1M0ZNUmFtUE11X2dIRS05UnBVMkV1NWNTbkVBMUFpT3lzQ2FsMGhJbVI0R0hRZkNBb3kxZUZFeGgwdw?oc=5,-0.4019,negative
2026-07-11T10:23:29.516803+00:00,Google News SpaceX,"Sat, 11 Jul 2026 08:35:48 GMT",SpaceX leads 2026 IPO boom as market shifts beyond AI mega-deals - Crypto Briefing,https://news.google.com/rss/articles/CBMidkFVX3lxTFBNaXZkWGhndlBxeUNZWjQ1VUNXUmxUeUluTHpfNWVVb2ZfaFE5OHlEcU1XLWVsTEx2aXQ5N3FlUXhoemdSMk1kTXBQUS05RUZGeUo4eHdhXzg2c0s2SU1FZFdpcEdsbGZYaWdYaEpQZk1JYUk2TWc?oc=5,0.0,neutral
2026-07-11T10:23:29.516803+00:00,Google News SpaceX,"Sat, 11 Jul 2026 08:32:15 GMT",2 Key Members of Congress Recently Bought SpaceX Stock. Should You Buy It Too? - The Motley Fool,https://news.google.com/rss/articles/CBMimAFBVV95cUxORlJiTHFjOTBrSHVFck92T3lieV9CNHZMQ09HOXd6SFBWUFhZcWxhTVl4bTI2OXViLVpobWRER1hCT3AySnBCdm8yLVgyZlh4RWxZclNNVzJ1UlhSeEZaVnFydUR2QlFCMUNuQmcwa1NUVUZuYUlNVGVwY3owNHI1Z0tyT3JCRVFfWXd2aHREOVB4SGE3VEpjRg?oc=5,-0.4404,negative
2026-07-11T10:23:29.516803+00:00,Google News SpaceX,"Sat, 11 Jul 2026 08:29:57 GMT","SpaceX seeks approval to launch 100,000 Starlink satellites into orbit - Caliber.Az",https://news.google.com/rss/articles/CBMingFBVV95cUxQaVVZdlAzNkhPZVdqR3p4RURzRTFFOWJndzV3SkNLeGR5OEhMTkkzQmxYcVQ0TEJLNnJ4RjhRY2N4UHRCRlBtVjM2NFlTc3ZjV3p1V0Y4U09KVy1jb09FdTgtcHByTDgtTnYxSWlBWW5mVkpTcktiOEc1VmN2dHowTjJTaVlvRWxnSFo4blhpeWpvVjhNY3J1c2E5TmJaUQ?oc=5,0.4767,positive
2026-07-11T10:23:29.516803+00:00,Google News Starship,"Sat, 11 Jul 2026 08:16:36 GMT",Tesla tests Cybercab robotaxis on Austin roads without a steering wheel or any pedals - Tesla Oracle,https://news.google.com/rss/articles/CBMiwwFBVV95cUxQckp4dlY0ZDNQTkhlVlFnZFZXbGtDeUZCcmt2c2JqRTlMZEowYlFROEZTOHp6T2FUVEZZOTA2MVJIdkozczFmNnVncmwxVWtWQ2tpVklZdktpYm94SHBPVHQ0Uk1PV25sX2o4Z0NyTzFwMGtlbDZXU2w3M0NuVVgxVGNZa1NhWXpKR0pUQVZkSlNrTkw2TzZHaDdkLTVYb3ZtT21XN3FCU0JxUnNySDBWZ0JaV1E1NzlrUU5DRUp0bUtsdkk?oc=5,0.0,neutral
2026-07-11T10:23:29.516803+00:00,Google News Starship,"Sat, 11 Jul 2026 07:57:38 GMT",What's Trending In Entertainment Spacex Starship Rocket Launch (mV9VTTQ0Cr) - Mshale,https://news.google.com/rss/articles/CBMiYEFVX3lxTE1oOU1WejFsNzFSbmxpM2tJUEc4RjhnSGxjbFAyOTFsN3ZKWDZ2U2FwSDc2M21heU1wWk8xSnYybDNHbDBQTWNpZzlSLWw2cnZLeTM5YlVGN2pfdUFoclJ5OQ?oc=5,0.4215,positive
2026-07-11T10:23:29.516803+00:00,Google News Starship,"Sat, 11 Jul 2026 07:47:08 GMT","Japanese company books 1,100 pounds of cargo space on SpaceX Starship mission to the moon - MSN",https://news.google.com/rss/articles/CBMi4AFBVV95cUxQdXVtbUVSbnNjYlFlbW1GMVVZZ3Ezb09OMHBaMUZoUEFrSUlkZmRleTBRMU1faVlxX3dtSXR3aWpDdlkteW1Vbk01Xzh5bXoyZ2JKd01rdXpQelowY1hWdm9neDkzd3F6SExzYWN0aW15bWZ5NmFla05TR0NMQ0d5LWthZkF5MGNxR1JqN2UtZWRyMVNsYzFwdG9SRHEyVkJkOWpGcjgyMGVVc2dsM010NEsyYS1nY1JCUDR6WEpQazY3RkpuWEpqUFBXM005M2ZlbWFIa1ZzNXJGeUt5azlZWg?oc=5,0.0,neutral
2026-07-11T10:23:29.516803+00:00,Google News SpaceX,"Sat, 11 Jul 2026 07:15:00 GMT","SpaceX Stock Just Received Its Highest Price Target Yet. Here's What a $10,000 Investment Would Be Worth if This Insanely Bullish Wall Street Analyst Is Right. - The Motley Fool",https://news.google.com/rss/articles/CBMimAFBVV95cUxPZUd3QmVWT0J0Z2NiUmpVTTZzUm05ZHhfeHRQa1FNRnBUVXVBV25kbWU0Q29sZnZkMDNWbmZ6djJaeWd3NHlKZHppLVU3aVQta0oxV09kbktoa0kyaXltUUZvUWdoeW0yQktoeHNEWC1lVUd4YVNDTWhYZ1BvZzZfN0g0MmhlSmFVSXZEQy1VN1FrYlRuMnMwZg?oc=5,-0.25,negative
2026-07-11T10:23:29.516803+00:00,Google News SpaceX,"Sat, 11 Jul 2026 07:11:01 GMT","Investor Focus: FTSE 100 Outlook, easyJet Bidding War, SpaceX Warning Signs - Morningstar",https://news.google.com/rss/articles/CBMiuAFBVV95cUxPMnJCTWpKMnVHTVViT2dVU21RVFRvMDN4Z3V1ZFpiR1owcGlnWGlodTlub01WY19YcmU2NVMwaGtUZkVBRWNldzJzOHQxaUIxX1lwOVh3T2NiU3pjeV8yRDVZOURqVXJGR2gyODVFQkNzRzVYU253MHp1Zk9BSGEyOGRwYTlUdUxKNXdDQlQ3WTUtcXF3eGwzMEZjZC1IRTdDMUZVSW9BTkR4YzBhOFJKaUk4OWdRTGxW?oc=5,-0.743,negative
2026-07-11T10:23:29.516803+00:00,Google News SpaceX,"Sat, 11 Jul 2026 07:00:35 GMT",SpaceX IPO Creates Millionaires Amid Tesla Merger Rumors - Evrim Ağacı,https://news.google.com/rss/articles/CBMilAFBVV95cUxNU2xlNHhCanhSM1ZwUlBzX0Z6elNKVTRyeDZWbWNFMWc2MTBjTU9IMDZXcjZJYzdHZlF1bU5WRzlCNkhhMlJma0JpZHVpcHB5SnpsTFMyempuc2c4MXRNSkJfTlk1ZFV6OVdGckd4UDNCRjJjNDM2a3ZENF95em1ZNXpUcHJBTXQtX0Ryd0dZaEk2eUZx?oc=5,0.2732,positive
2026-07-11T10:23:29.516803+00:00,Google News Starship,"Sat, 11 Jul 2026 06:56:05 GMT",Watch: SpaceX fires 33 rocket engines together during latest Starship test - India Today,https://news.google.com/rss/articles/CBMixgFBVV95cUxNcnhrNG1fWG5oN0ZkRDFRb0p3ZWJpLXAyWGRnV0N2ZXJFbDFxNWJFZDlRVEozdnEzYmQyRWdXTldtZlJ5RlVKVUdtMEJKUHVrc05SNm02NEFPZFRYZnBDeXRwQkNBV2Z4WGItSElEc1J6YnBXOHZfTnNpV1lxbzBWY0ZKazkzeFktdWhReEM0dl9PNmNwYWZOaXcxZF94aUJZdTRSSlVjWTlyalpISlJ6cDFnT3N0SnNiak1HWGxTOUpCRXlGTkHSAcsBQVVfeXFMUEd0TkJzQTRYRjRNeWstd21SdmVTbUI4RmMxdDZ4d0ctUVF6M0ZzdUZzY0FEOUpmUGMxRkJnRlVjRHJWeTRFanM1ZWpQMzVDNGQ0UTFoR2pPNDM5Q1h0T2dOSTBWYWdUazdxVUxDMDBlSkw3bHJHczAwdXNEbGRaMFVycmlPM1A4eHRMOUdDQ193em9DRnJUMnU1NV8tSWFtU3lma3pRR01uUkxYRE5HWjVjZ3gtbW83UDZrRlpJb21vMHlWaUZ5dUFUT00?oc=5,0.0,neutral
2026-07-11T10:23:29.516803+00:00,Google News SpaceX,"Sat, 11 Jul 2026 06:46:11 GMT",SpaceX Will Be Worth More Than Earth. NOT CRAZY. Here’s the Actual Math - NextBigFuture.com,https://news.google.com/rss/articles/CBMisAFBVV95cUxNdWdRVEhoNFlrbjBxbkUyZXZMdFZUbzNreEl4QmY3X2E4WjhXMmR4TllCXzFFMlNzOEp1dUpRWlZoQ3ZOSUtrLUlaand5QnRmUW8ybWJua2R1WDllNGJzd016WnBoZjdGa1hqZTVidmduOE5NaGVjUkNjT1p2OVNxbFJQZGY3bWwyd1ZlYlEtQnI5NkNGYmFNZ3lHUHk4cUdCTERNUkRLYU55eXQyUkZOSw?oc=5,0.539,positive
2026-07-11T10:23:29.516803+00:00,Google News SpaceX,"Sat, 11 Jul 2026 06:40:03 GMT",The New York Times. . Video released by Chinese state media shows a state-owned aerospace company launching a rocket and recovering part of it on Friday. The successful launch of a reusable rocket was a major step for China toward challenging SpaceX’ - facebook.com,https://news.google.com/rss/articles/CBMirAFBVV95cUxPQUFxTjYwOGM4aGJDd0k3aENMVEwxUk1zTW1oMFhKMkpWeldlODR4ajZDX0duaVVpZE1PY2I0eHhsQ2xCTEhCcXV2THVlb2xlcExNaFV5dlAtcUFBbTlHS0s1YWZCU1RNOHFUcGoyUG1mR0FVRlpQZk9wOGxBSTNWejdpXzZvaTZtUHB1VzNtYXNkamF3dlVKN2RERmh5WDQtMFhSM0t4SlJsU3Fa?oc=5,0.6597,positive
2026-07-11T10:23:29.516803+00:00,Google News SpaceX,"Sat, 11 Jul 2026 05:30:00 GMT",China takes a page from SpaceX and recaptures the first stage of a rocket to reuse it - TelegraphHerald.com,https://news.google.com/rss/articles/CBMinwFBVV95cUxQMVhGTllqVV9zZWtCYXNZc3hBVi1SR3pXN093UEF5dzJ5c0JNdWNxZ1NEaV80eG9MS1p5dWdwM1dUZWJiZzhPVnI1YWh3a2ZMMzFFTGNLcy1wUEZCeWJWT2ZvVUNIdlV0Wm5vNFJBNm1GTVdIeUtBTHhfTjFCcVJnNlVaNzVVa1lFSDhiQUdiam9nRkVLYWJfS1U2Z3lidzA?oc=5,0.0,neutral
2026-07-11T10:23:29.516803+00:00,Google News SpaceX,"Sat, 11 Jul 2026 05:15:00 GMT","Whale's Insight: RWAs +930%, From Gold To SpaceX, Crypto's Biggest Catalyst Is Here - Seeking Alpha",https://news.google.com/rss/articles/CBMitgFBVV95cUxON0NBNkwtSmoxVkZCckRVX3NUUW9WLTd6b1ZqUm5oN3QwS3JFb21LT3JKUWJjTkY2SzVOaWhIbmNab3lrd3ZWajZxdDBUSVkzd2J6SkZob2treUlVem5XdGtxVHg3c01uYzRsNDAtV2wzUThkWEY2a1otNTM1ejRPTXdzcll3aE1WaTJkTnlfZzlEZDZ2Q3ExQzVpcHIxNTU4N0dFSTNQV3ItSkE0bmpod0NZNzJYZw?oc=5,0.0,neutral
2026-07-11T10:23:29.516803+00:00,Google News SpaceX,"Sat, 11 Jul 2026 05:00:00 GMT",China takes a page from SpaceX and recaptures the first stage of a rocket to reuse it - Decatur Daily,https://news.google.com/rss/articles/CBMikwJBVV95cUxNTU5YMllVc3VYWXJDZHJZcVl4UVV3dC15QWthdUVUX3gzOTRTRGRHczhKQzl0UzRsa0gyMlhibTJPRzkwYkItNmhBTXlSU3hnUmJLMHd5YjVfWjZvUHVScmw0dVM3Wm42dllpZU5mT1BqM0szNWtxcDUyRkJ0RHBZMWJIMW8yeHVra1hnUzJNN0RpdGJSWFFuVFBsY2VodlNhbzQ0OFFLdmgtSGpXOHB5TlJQM0M2SkdCbzZSSzR2LW5PcUpKWGEwa1lWcmlfdFhFOWk1bEIydXNiRklPNmRzT1BEMDJ3clVMbThZZDQ0SWpzaF9yazltS1ZYZU5uaDNLWU1ITmdtc3ItdGNEd0NnVDVIVQ?oc=5,0.0,neutral
2026-07-11T10:23:29.516803+00:00,Google News SpaceX,"Sat, 11 Jul 2026 04:49:36 GMT",Elon Musk says SpaceX could be worth more than earth - AOL.com,https://news.google.com/rss/articles/CBMiekFVX3lxTFAyTWRqTDJFQUhPLXdPbzNrRWJzM1U0S25YYmx5UnRpWGxMRHNzSElfV1BiUlNYeDZIaGZzcDlRcEJYRnZmM0RhbFNZSGl6WWptVnplcmNhVjRvMVFJVkdkejR1MzRsTnV1aDdnVFQxV1MzNXRiazVrY05B?oc=5,0.2263,neutral
2026-07-11T10:23:29.516803+00:00,Google News SpaceX,"Sat, 11 Jul 2026 04:49:29 GMT",Falcon 9 B1071 Hits 35 Flights with Starlink Group 17-48 Launch - BASENOR - Tesla Accessories,https://news.google.com/rss/articles/CBMinwFBVV95cUxPcHZseXh4TkhTSlQxUTFIcloxRHNNdUtEUDdMSVNadXJ1V3YwazdMWW9Kc0hNaEVVU0t0VjRtbFp1MG81VXJmZENPVk1EeWxvTjk4WkxfSWJiNDhlcm5aWmcwdGZOVFNVcTVVV1BZMDd3RFhDQmt6TFNzQ1AwNDNsOUlrajBJOFluMjhyV3A5RmRta0Vib0Y3WkZibVBfNEE?oc=5,0.0,neutral
2026-07-11T05:06:24.544925+00:00,Google News SpaceX,"Sat, 11 Jul 2026 04:04:28 GMT","SpaceX Falcon 9 rocket launches for 35th time, hauls Starlink satellites to orbit - Space",https://news.google.com/rss/articles/CBMisAFBVV95cUxPWFFjR2UydlRocjlwalBJMTRlNkh3M2wwVWp5UWd5TV9VQTVNWUlyekhwMVd0QzFURkFld0JnTlBzR0U3TVQ0V2dOVmxyMjRoQlZWa2kybzlMaFJSY2V0WFBxZmZuZl82QWNkbU53a2ZxSzhjd3JZM1Z2LXE3YkgxeGRDUHVxbmNHYmppZ0hPQjFfaGNhOVBiRzN6M1NuWGhidjJSdlVkbVRnRmE1Mm1oVA?oc=5,0.0,neutral
2026-07-11T05:06:24.544925+00:00,Space.com,"Sat, 11 Jul 2026 04:02:20 +0000","SpaceX Falcon 9 rocket launches for 35th time, hauls Starlink satellites to orbit",https://www.space.com/space-exploration/launches-spacecraft/spacex-falcon-9-rocket-35th-mission-starlink-launch,0.0,neutral
2026-07-11T05:06:24.544925+00:00,Google News SpaceX,"Sat, 11 Jul 2026 04:00:34 GMT",Jersey Mike’s IPO tries to sprinkle SpaceX magic on a sandwich - Financial Times,https://news.google.com/rss/articles/CBMicEFVX3lxTE03UDJXR3hBc2RFN2xLV2xrRmFYd1JWUFRwMnB1bGdEa3dOWENBTk1QOElQREczZGhTSFlUQlhWUmE4SmtZQ2NJZ1hUTEh0UU1XTGxCeDNJbGdDenliWFpHQlJaQkNuM05DTDduczhCRG4?oc=5,0.0,neutral
2026-07-11T10:23:29.516803+00:00,Google News SpaceX,"Sat, 11 Jul 2026 04:00:34 GMT",Jersey Mike’s IPO tries to sprinkle SpaceX magic on a sandwich - Financial Times,https://news.google.com/rss/articles/CBMihAFBVV95cUxQLWlSNzdRdVpZeUhnTXViM3FTZTVsWG4xSy1CWkVyclN4VkNNdGhjcmZLV2dZX2F4UFpPbGY5N1RaSmFxZ2x2a3ppaEFqSmdSTS1jV2JhVTNOc21lRWRPdEI5MUhmNG1qVDlUczYtMUFXR0d2RjRiNEhtTmRzTHdOSE5MRUU?oc=5,0.0,neutral
2026-07-11T05:06:24.544925+00:00,Google News SpaceX,"Sat, 11 Jul 2026 03:45:00 GMT","With Starship launch 4 days away, SpaceX shares new ""Space to Sea"" footage of their buoy and drone setup for capturing epic re entry and landing shots. The team has come a long way from early makeshift buoys to full 3D modeling of the heat shield. Recov - x.com",https://news.google.com/rss/articles/CBMiYkFVX3lxTFBZekxKUjZkaVBhalgxMU1CM3BXNHNDcmpXODF2NGpGNEhPNnh6UF80NE5YMzgzQ2FRVUY5N0MxU3pqVkVzb1NVNjlDaDdFMjlNQWxVUFRUbGZGWUhhQ05MUTdB?oc=5,0.296,positive
2026-07-11T05:06:24.544925+00:00,Google News SpaceX,"Sat, 11 Jul 2026 03:14:00 GMT",Elon Musk Abruptly Bails on Live Interview as SpaceX Slumps - The Daily Beast,https://news.google.com/rss/articles/CBMilAFBVV95cUxOVko2a2E2ZDZOYWpZM1J1LUdtREU5bE0wRncyaHEzQVIyQUpzVHBYNUY5dXRSTHJVOWttRW1GaUlXemtfNTlMdkhyaFNkdEw1dDRiSWtIZjhBVGtGTTdTUWNNWWs5Z3ZoSnFFR09pR2Z0YjBzZ05xYjhIM2NqZl84QnR0RFV0eUVfMThFM3FYYUZUVmRO?oc=5,0.0,neutral
2026-07-11T10:23:29.516803+00:00,Google News SpaceX,"Sat, 11 Jul 2026 03:10:12 GMT",SpaceX's Falcon 9 rocket set to launch 24 Starlink internet satellites from California tonight at 8 p.m. PDT - eciks.org,https://news.google.com/rss/articles/CBMifEFVX3lxTFA4WUNUblE5WmtxX1hoa0ZIeHZ1MldCTExaSVBqTXFuWFRYLWVRbW1PZ25BY1hRTGFBVE56NGRpb3RfYlN4M2wtWllXRXZSUkN4R3FhMzJERWVkSVFEb2JreWlHMW5IM3A4a3RYUDl2LXBpVGY5SF8tSFJkZE0?oc=5,0.0,neutral
2026-07-11T05:06:24.544925+00:00,Google News SpaceX,"Sat, 11 Jul 2026 03:05:12 GMT",SpaceX Launches 24 Starlink Satellites from California - BASENOR - Tesla Accessories,https://news.google.com/rss/articles/CBMikwFBVV95cUxPUjlqZnJVWnJWc1pWYUw4LUJnRjhhNG9PVjdWaThHendLVTlrZmNfc2dvQ2R0R1Z0OFhpOU9MQmMyTjFUQWNCOGp1SlZScWZzOWp5TDBBd1BpamU2dF9GWGFKTG5FYW5GNmxFSXdWQTAzNk5DMkVKTU83UUQ3dnJlTDJJeGxmNXJwX1FmcHI0ZmxFdnM?oc=5,0.0,neutral
2026-07-11T05:06:24.544925+00:00,Google News SpaceX,"Sat, 11 Jul 2026 02:59:19 GMT",SpaceX prepares for Starship Flight 13; company works toward orbital operations and Florida launches - WFTV,https://news.google.com/rss/articles/CBMi6wFBVV95cUxQaFNiWnJza1JYekptdmZadmM0bFJ5YlNiRXBEN2hwT3JwUDJjT21FNmxxTkczMVNYa0s3aTBnRWZpTnZQM1lKZkl3bUVwWHRVNTF4NXBrOUlsb2o2alYxZ3E0ZkRqZ2pyMkJLa01kMkNWY2d5Z1d0UDRLZnpCTjFTbUtwbFVNblZIbmdleDRrZ0NPSEpwMU4yazBuNGFVUUpWcFR6YmdOMW1BdzNac1MwQ0JEakF2WmFZM2I3NXVmUXZuZTRSWXpJSkhDUjhzemJjX0JGUXprNGV2Y09OSm1hWU9IdHN3aTRaNDZv?oc=5,0.0,neutral
2026-07-11T05:06:24.544925+00:00,Google News Starship,"Sat, 11 Jul 2026 02:51:51 GMT",Netherlands Vs Canada | NED V CAN | 1st ODI Match | ICC CWC League 2 Live Score Stream & Update 2024 Golden Knights Vs Ducks (U4nWsBizAp) - Mshale,https://news.google.com/rss/articles/CBMiW0FVX3lxTE4xN2J4cGpKT09FUVJCLTBGSVcwaEhLTDA4bkdNUENqNWdTTXVFaDN1SDlfcXU2WkZQVDFVcXJUeF90anJ5NElRSHpWS1M1VU5jUEptOFNfb0Q4OTA?oc=5,0.0,neutral
2026-07-11T10:23:29.516803+00:00,Google News SpaceX,"Sat, 11 Jul 2026 02:37:19 GMT",SpaceX targets Falcon 9 launch from California tonight with 24 Starlink satellites - eciks.org,https://news.google.com/rss/articles/CBMifEFVX3lxTE1TSXdGQm9vSlZwTXpWVlZNZ2tORXFtY1F4Q2ZvWkpoU2k1Vi1pdl8zcVR4ZmVWdmppdDBPTGtqc0lVc2k1bHN5MTZBZTBPQzBVd20xZzFsT3ZLODNXbl9NM3MyTF9DLXVnLTRSZnl5ZTQ4d3hBWE9lX1cwaTk?oc=5,0.0,neutral
2026-07-11T05:06:24.544925+00:00,Google News SpaceX,"Sat, 11 Jul 2026 02:21:00 GMT",SpaceX prepares for Starship Flight 13; company works toward orbital operations and Florida launches - WFTV,https://news.google.com/rss/articles/CBMi5gFBVV95cUxPTk0wOFhPMmdPWUtKdzFBRG1DdjZZOFZFUUFxMjhOTGdSSjkwZTVNdGtYRnd1b3VHRXZGcEU4TklBc2NKUThqTXpkcmFGeXc2VC1KS1hBbEhBdlh2X19BOXZRZzBqQTBxT1FyM3ZYa2JhSEhHcUd0el9zMklIZmpNMGJMcEFqSTlYaVl6MXlLVEVmOWRHSkx3UHp6VTMwUnV2aVh6RmlvbE0wajFzV2xOOWFNdkxNb05XcVBXMjVLUGZ6Z0J3Rnh5T1JFb01aXzJQRVNxZmltbEo1RWNZQ25kME1aUC0tUdIB-gFBVV95cUxNc0Rha1VzYURodk10WER6VnI3U1cyWEZOdnRjWUFoQlVFVnczNzNJYVNKejdnSU5YUmVlc0lqQmpNTXZuTHJ3Q0I4ZUxGNTJXM2hKQjZ5dGxETWFrSTlLcHl3NzFqd2xDbjJMYXpacFBiaFZMSkdXQlFJWURRaEpmT2VHUkhRbng1MWZoM3hmTjBobWxfbVJ3SElYT082eHpxZTJuN1RiVUZ5U05fczZ4S053VWs3SmhFcFZPXy1KRGlmN29DOEVYRkJvMDQ3dzQwUWtEbWdMMzdQeldzcnFoQmtRQUlrdUdaWWtESFA4WmVOU29hSkswUXpB?oc=5,0.0,neutral
2026-07-11T05:06:24.544925+00:00,Google News Starship,"Sat, 11 Jul 2026 01:58:00 GMT",Japan's space agency conducts first test flight for experimental reusable rocket - Yahoo! Finance Canada,https://news.google.com/rss/articles/CBMiiwFBVV95cUxPNW9GUW45SHFadG1LUG1NR2ljaE1fSW5ZYXpod3lORUVQdy1SNGZnOE5SUDhVZTNsYW5JcEpPbjhEY2JZMWFSOXkxYkZHSmR4bWNjV2RsZnJSb19oY1c3MjdnZFo4Yk4tZ0NKcnNnNVJTRHhWYm5BRmtTYl9rcmRfS09qZ2VRMlMyaXFZ?oc=5,0.0,neutral
2026-07-11T10:23:29.516803+00:00,Bing News SpaceX,"Sat, 11 Jul 2026 01:18:00 GMT","SpaceX Stock Just Received Its Highest Price Target Yet. Here's What a $10,000 Investment Would Be Worth if This Insanely Bullish Wall Street Analyst Is Right.",https://www.fool.com/investing/2026/07/11/spacex-stock-just-received-its-highest-price-targe/,0.2263,neutral
2026-07-11T05:06:24.544925+00:00,Google News SpaceX,"Sat, 11 Jul 2026 01:16:28 GMT",Europe just unveiled a new rival to SpaceX’s Starship - ScienceDaily,https://news.google.com/rss/articles/CBMib0FVX3lxTFAtbFc5ckl1V1VmYlBSUXZ0V1cwT2FqZlZfM0ZSeUlsWENFMXZKN2plemdQakRQTVI5ZGx6Rlh2NmRsci0yRHBrTzNsanRhXzlPUFpmcUl6TEkya21wVDF6eXk4REpoeFZFRWpMeGxpbw?oc=5,0.0,neutral
2026-07-11T05:06:24.544925+00:00,Google News SpaceX,"Sat, 11 Jul 2026 01:15:53 GMT","SpaceX has asked to place 100,000 Gen3 satellites into 20 orbital shells split between 323–327.5 and 473–477.5 kilometers above Earth, each weighing up to 2,500 kilograms — more than 200 million kilograms of spacecraft before a single launch vehicle or - Space Daily",https://news.google.com/rss/articles/CBMilAJBVV95cUxOSm1ndXpsR1ZCeklSV3hncExYY09haC1IMjVJVU1sQlUybFlDSFBMVGdWSk9YWFkxOTFyMTF0T2hHSU5xNDI5T0M2eFNidEt1UGc2RVY3cWZ6VzQwYXhJanFiOWFkTjVSU3JJclluUlZlY2RfZENCVWFSNkxqWTkxZnQ2aUVGVEZVRWFpVmx4ak9oZS10MTJXcVFacEVXbzFZM2JtNWFxcVZLTGxKMzVzVzN4dGxNWXk4Y1k0bHZmWXFZWi1jOVdQbVhWdUgxVklXMTBTTlVpLWduMU1zMUJYTHdlRm9TVjRzWWl5SS1USFRyWEVyRGRIX2hDR3p4UmJtdG5SYnVnci1wTHVsRWU5QWNaUTY?oc=5,0.0,neutral
2026-07-11T05:06:24.544925+00:00,Google News SpaceX,"Sat, 11 Jul 2026 01:02:17 GMT",$SpaceX (SPCX.US)$ - Moomoo,https://news.google.com/rss/articles/CBMid0FVX3lxTE54Y3hzaWFZckJtZTd2d0JOc3NrYk8ybmRVRjlOYkJuVVNjOV93al9zaEg4bDVSeFRxdWNEcERlOElsdktQNnF3cUQwd2xJMFpvWjBzS1ItcU1UUzBydkdmRHRDZzVZY3dQaExsLThFdUZoSjVKZTZZ?oc=5,0.0,neutral
2026-07-11T05:06:24.544925+00:00,Google News Starship,"Sat, 11 Jul 2026 00:49:48 GMT",ABC Colorful Safari Animals Song 0144 | ABCs & Colors Learning Song For Kids | Little Bunny Learns Jake Paul Broken Jaw (QBZXXsFYPx) - Mshale,https://news.google.com/rss/articles/CBMiW0FVX3lxTE1lZ0JCa3JicDdXcGNNWlVrb19zbXkyc2lhOXhVSzFtTDJJNTgwVnA1QXZiQ29Wb1BObEQxQzNyeVpvMUJzay1oOTFHT3VVRmo1LU9mN0gwa1M2MGM?oc=5,-0.4767,negative
2026-07-11T05:06:24.544925+00:00,Google News Starship,"Sat, 11 Jul 2026 00:31:00 GMT","SpaceX drone ship sees last Falcon 9 landing, shifts to Starship support - AOL.com",https://news.google.com/rss/articles/CBMie0FVX3lxTE1XNWdEV19RQnFUVzNpTVRaajgyS0k5Z2w2aWF6LV9fZEhLNjhYc3ptaGdDalg0QlRVRVZ2Qk85OVdYVnVyWk1mSENCTk9hZENkSDRLTkk2d1RYbGRsX2dac3BOOUh6cnJHQ1NCenBOTVgxZzJPZUpxRm9kSQ?oc=5,0.4019,positive
2026-07-11T05:06:24.544925+00:00,Google News SpaceX,"Sat, 11 Jul 2026 00:06:50 GMT",Cathie Wood’s ARK sees major moves in Coinbase and SpaceX stocks - Investing.com,https://news.google.com/rss/articles/CBMivAFBVV95cUxPSk14azYyeVRuckVxSUl6czBvdXowcTdDeXVaRGNYVHRmRzFFZDZKQTFZTEZYdktCVE1MQU1SZl9ab1RWWDFadk5IZE1yMmFIa3Z0SmxPMkRqdWlaRmk0cFZUR09feW91Qm1IWDJ1eWR2M3pKVWxBWE9QQUpwdVlWNm5UeHJVQ0h3Q2dJWFZ2VEF3UGRNVG5nWFVVSk9EZXVGdFQtd2hKaVZDVmFtNjhDX0lxOFdiNnJpNDBEZA?oc=5,0.0,neutral
2026-07-11T05:06:24.544925+00:00,Google News SpaceX,"Sat, 11 Jul 2026 00:05:28 GMT",SpaceX Super Heavy V3 Static Fire: Flight 13 Q&A - BASENOR - Tesla Accessories,https://news.google.com/rss/articles/CBMiigFBVV95cUxNcHRPYTkxaXJoQkF5bjlCZ1BQMWtsTFBwc3UyZVM4aTh3QlgyY2UyQjJzZEpqeUpzLXkzNERrQ2JLT0NEUnpuZ0UwRFM0ckV3aG5TenJKbzlCVk1MSC00M3doeVZKeXdOQ1Rxb2tsQWdwcUt5aWVBbWI4UmU5RldPVkc0V1I0alUteUE?oc=5,0.3612,positive
2026-07-11T05:06:24.544925+00:00,Google News SpaceX,"Fri, 10 Jul 2026 23:46:00 GMT",China takes a page from SpaceX and recaptures the first stage of a rocket to reuse it - Central Oregon Daily,https://news.google.com/rss/articles/CBMiiAJBVV95cUxQWFRRVFNSYmxnWVVMTTlibGxjN18ycE5SLU16NXBaVGZWMmJUOS1ETjBSV09vUkZQdy0zaVZpOFN3SHN3bGhkT0VQTGFENG00eXAxVm9lVnh1cWlnUDd2Ml9ENnR4Z3AtcGZleVNLcUhSN3l5QkF5RUxxb0FKWG5FbUIwaE9yY0tNX1p0Yk4tOUVmbGc3UFBoM1o4MUs0Y2sweW52NC10Zkt5MzVjSmV5UjFJUnFnRm9rZk1nTWhoS2VvV3RmVzdrYUtZS1ZPYURXWEtZXzMzb3VsTmx0d3E4eUhaX3JDb1FBSjBPa2c2VUYtWTRVSzlLcmtzaGRfQ2ZoTl9pamluUXk?oc=5,0.0,neutral
2026-07-11T10:23:29.516803+00:00,Google News SpaceX,"Fri, 10 Jul 2026 23:14:00 GMT",Del. Justices Nix $16M Fee Award In SpaceX Investment Fight - Law360,https://news.google.com/rss/articles/CBMiXkFVX3lxTE5Xek8xMVphTUNEQkNGeGhNdjRCbks2dXdydDFESzcwYU4zVFVmMW1aZUNQS1NSS3Y5eDRkdERmQVdsT0ZncGlZNmFuZ01BclRIbjRidlNnNlF2Z2l4S3fSAV5BVV95cUxOV3pPMTFaYU1DREJDRnhoTXY0Qm5LNnV3cnQxREs3MGFOM1RVZjFtWmVDUEtTUkt2OXg0ZHREZkFXbE9GZ3BpWTZhbmdNQXJUSG40YnZTZzZRdmdpeEt3?oc=5,0.2263,neutral
2026-07-11T05:06:24.544925+00:00,Google News SpaceX,"Fri, 10 Jul 2026 23:09:05 GMT",Video: China Launches Reusable Rocket in Race With SpaceX - The New York Times,https://news.google.com/rss/articles/CBMipgFBVV95cUxNNDR3aElYQkprT1puR1FzUWpLU2VxMWROanZMUFNoaXRrS1JwZTFaeC04T21pS0h2SmdsZjQ1c2o3cmVycGpjaXMxZmM0SzZTQmNQQWs1Uk5XTmhIRDB5ZDVLT01XOUhmUzVORF9zMjBuQTFRaUUwWEt2MFl0SWlHRUtZZ1lZdUhvOFVzRWczU0RmZmc3Z3EtTkRQajFvc3R4UXc0RUR3?oc=5,0.0,neutral
2026-07-11T05:06:24.544925+00:00,Google News SpaceX,"Fri, 10 Jul 2026 22:48:26 GMT",SpaceX (SPCX) Stock May Be Fully Priced With Strong Growth But Rich Assets - simplywall.st,https://news.google.com/rss/articles/CBMi4gFBVV95cUxNTXdoVXdCZENPVW5qVGFTdDltdXpMendqMnpRSzNuOTZobWd4cUEySk5oUnAxaGJKZHhRNnFRU2tZUTFoNDF3aUVIdlFFUkVRX0RzT3gtdW9FdWFQUkJyWC16M1NUUWd2clMySm9KTzYyUjFlc1Y1d096ZEl1WE9zMlQ5N0FQbE95eGliLWNuZHlQeUE2cl9YSnFVMXlUWHN1QlVkenQ0U2FMYzVwLUtDajZDLWFoeTNTbEJwclFvbWdtZTh1VTdoaG5Xck1jWVYyRXlYQ2FscW9lNGxlclVVbU9R0gHnAUFVX3lxTE1najBCeng0eHp2dG5LNEFidDVLWF9jSm5sUS1DV2JPdmVRc0FRZjcyVFYwTkVuTEVSc3dhUW81S1FvOGNTSVF2a0ZmRnlOamJSZl9WRml4ek9kNTFTV0F5TGh6YnlYYm91UFB1eG9aT3Zmak1jTFhPdmJBZ2xiX2RCOGY4TlFuLUsxaGwydU10UVBCaEs0M09JTDBRMGM4WWtXbVp4eWZIVlVpNjA1OVRkWVkyTnBKNWZLU2ZUMzhjcHJzZHg4YUI2ZkJkR0N6ZTdUak05RGRDa0ZTN0dCV0Nnb1JXUW1hWQ?oc=5,0.8759,positive
2026-07-11T05:06:24.544925+00:00,Google News SpaceX,"Fri, 10 Jul 2026 22:40:29 GMT",SpaceX Stock Price Falls Off a Cliff After Musk Bails on CNBC Interview - Daily Kos,https://news.google.com/rss/articles/CBMiuwFBVV95cUxOUEJSLW5EVHFxXzBzckVERk9FeGVRN2wxMmhUUDNvVVBTdzhhMzZoREp3c3EtclNqOXlmcklGakNZZnMzTDhubXpsejlpVzNLWEJMeGJJODZ1YzY5MVhtdWgxU2R1YlZfVUxmMGtxNkJ1RTNDQVk1ekVvYW1nREpoSUczbGxFeDM0ZlROdGVNMmZCVWNObndaUGkzUHpldjZLVjJwbU53WlpHaWc4RmNIYU9zQUZiY1BLOXRz?oc=5,0.0,neutral
2026-07-11T05:06:24.544925+00:00,Google News SpaceX,"Fri, 10 Jul 2026 22:38:30 GMT",SpaceX: Lock-Ups Spell Trouble For Short Term Performance (NASDAQ:SPCX) - Seeking Alpha,https://news.google.com/rss/articles/CBMingFBVV95cUxNVGVITk93ME4tZTU5aWZlV2tMc0pZMFR3UjhMbnRNSEc2OWJPVVhPS3FoNUdFUHozcHlJTW9MOGR2OS1Ra3N2bzVCVEkzbUpiOEJkaEp3OWNMaTZjMEV1QmFnclBObXFKbXpmY1B3N0hqNkZ4SFg3UHRUN1U3WVkyVjFLYWRTNXB1dDZNQ2RYSW1ON1d0V0VibkZWQXVwQQ?oc=5,-0.4019,negative
2026-07-11T05:06:24.544925+00:00,Google News SpaceX,"Fri, 10 Jul 2026 22:31:28 GMT",Trump Praises SpaceX President Gwynne Shotwell's 'Extreme Generosity' After Her $325 Million Trump Accounts Stock Donation - Yahoo Finance,https://news.google.com/rss/articles/CBMipAFBVV95cUxPbWkwTjl3MEpTcGkzTWU4T2gwaXlxLWI3eVdrSVRZcHgxM0Z3aXZFLU9TaXE2VF9yM2lPMzVHXzdQc3pKLWN1TXhCYmdUTmhuZlA4dlJ2d3hlWDBDdW10Vm5lRkhmRTZxVkVqd0dSRlJldy0za09sRXVBSlVranB0M2JUY3VNRlpKQlh6N3E4dXJJaC02ZE1RX3pSZGRCem5nTF91ZA?oc=5,0.7902,positive
2026-07-11T05:06:24.544925+00:00,Google News SpaceX,"Fri, 10 Jul 2026 22:29:20 GMT",Texas AG Candidate Vows to Investigate SpaceX’s BEAD Awards - Broadband Breakfast,https://news.google.com/rss/articles/CBMilAFBVV95cUxOVEphSzJ2ODhPNlo3bE1fNDRWYVNERUVjNlVZeVdiMXBia09VNmlHZGFaTzJUQWVRdFpBM3B6dzZNY2FnQXhxNXh3UjNJdUpOZDJNRG5lalpyZjYyeHlhWXRmLTd4c2FITnZZeVZTYUNvMWx2Q3Q1R1QxQlQ5ZEhJQlEwU1R2OHhiSGMtZjRsdUZTY0hw?oc=5,0.4588,positive
2026-07-11T05:06:24.544925+00:00,Google News SpaceX,"Fri, 10 Jul 2026 22:23:16 GMT","Elon Musk's xAI Rebrands As SpaceXAI, Drops New Logo As It Fully Merges Into SpaceX - Stocktwits",https://news.google.com/rss/articles/CBMitwFBVV95cUxQN2FQMndjT043NXJpWTNUUFJaanNsQXNmSGg3cmUzbTVITDROQzBvRldCSjF0OWNQeTUweUJCNTdfRmRsdzNaalF6VWp2LWVfc0FCUWZWdzFHWTJyaUlHQVV0OG9UeHAzci0wb1VlRS00MWtIOUMzN01JcFFsMEUwU09FVkE3b3IwMG5BNUJ0MWtzZUhoSmwwcVpWTVhPVTBxSDdzM3dzMkt5SkhjLWE4S1RnNVpIajg?oc=5,0.0,neutral
2026-07-11T05:06:24.544925+00:00,Google News SpaceX,"Fri, 10 Jul 2026 21:41:43 GMT",China recovered its first reusable rocket and showed a new way to do it - Ars Technica,https://news.google.com/rss/articles/CBMirwFBVV95cUxNeHNYbnJKZDQ4dE42Qm12dlBudkFSVmNfb0JmTmZXRDdrczY4NDdJMGVLaTFrRmlkXzBOOXpuTDM1S1NfN08yanF0YnlWYm56OTRjNzg1Vzc1ODJCMmJpTjJCRElpQ0dYYTFrcUxpWGFsOUVwM2NBdTNCTGtIWmZoRFM0aFRxU3Fnc3dqbGFJZ1lOX3lMQ0tKemowNWd4UXFqeE80d1lKWFBQZks3N0dZ?oc=5,0.0,neutral
2026-07-11T05:06:24.544925+00:00,Google News SpaceX,"Fri, 10 Jul 2026 21:36:10 GMT","SpaceX Joins Nasdaq-100, Giving Many 401(k)s Exposure - 401k Specialist",https://news.google.com/rss/articles/CBMinAFBVV95cUxPRldTcDdxcTdxWVJrRjJQbEJFZG1TaEthYzhMZDctUFNkRUZHdTRFOVRZOEFVb2xMNnY1V3F1cDBSeVJidHJRUi1henFmNkRvTmZ1V291YVdJaVNfZTVTZkluOHUxdFpiNm1CNGwxMF9td2MzdllndmllcmxfbzgzSlUtR2tGcEEzZ19KeUx4QXV4TDBQemhGNlVsZDk?oc=5,0.34,positive
2026-07-11T05:06:24.544925+00:00,Google News Starship,"Fri, 10 Jul 2026 21:34:27 GMT","Japanese company books 1,100 pounds of cargo space on SpaceX Starship mission to the moon - MSN",https://news.google.com/rss/articles/CBMi9wJBVV95cUxQZjEtLUdhTWM2bG1vNU1Ka1YxcVNmUVliS3ZlVldGUW5kbzExQlNjN0FqeDdySlBWLS1ZOWNnTV9YZzRtVzVoNnRmVzRhLUROSUlFb05OSlRYNXdJRXN3M1hWWkVWTnZWRkJKeURISTR5RlpHWFFpUnl2UUdDV191LW1mQ1pybTgxRlU3ZU8xMjZlZkZ5b0c4WEw3QTVKZlUwV0tmMVRsOVhLbTF1WlZTSXpQckJSa2NYVXNqLTNpR2JERXdKV0Q3bE9QeWs5cDJVWDlhRUU1di04bkFHSEM5bUVfMHQxTTA4UUxfa1N4dmpTajFVVHhiN1VBbEJGVGtPY0FySHNMWmVtSG1GZUxQUFVqWDBkWEd1NXBvRG9sbnA5SXpwMTlDZlYyOE1QdWZoM19vRVk2aUhaQ1d1QkYxbEdzQkVhYW91OU1aM3FCSGVLeXhLZTliaXhIVDhvbjhXR3NrYy1iM0hPN0MzdDJRYmM0bVVPdGc?oc=5,0.0,neutral
2026-07-11T05:06:24.544925+00:00,Google News SpaceX,"Fri, 10 Jul 2026 21:25:07 GMT",SpaceX (NASDAQ:SPCX) Trading Down 4.5% - Here's What Happened - MarketBeat,https://news.google.com/rss/articles/CBMiqwFBVV95cUxPVThRdFBJU3dhQ0tkbUhHOWRMRFRkeklmZEtIU0cxeU1MNTlCNEpVYjFBeW9RLVhyRVN3dkUtbkh0N0otd0EtYmtnTnl5T2F4UTNvYTBDWmliZjJKdlctRzZ6cWJzcGg1NzRnN3ZBWWdhUUxaREdQLVNlcy1NOF92NlFUV2xPTmRLY1NJbXNtRXV6OWRidVVRdEZvMXdkODJzOHlhUlBLdEhjX3c?oc=5,0.0,neutral
2026-07-11T05:06:24.544925+00:00,Google News SpaceX,"Fri, 10 Jul 2026 21:23:00 GMT",Week’s Best: SpaceX Created an IPO Road Map - Barron's,https://news.google.com/rss/articles/CBMilgFBVV95cUxPYmVuTlBBUjBlOUpFeDlObkRxd3ZLbVFiWFhOYXdFeDhtOElTaXJIaTk3S21ncHJBcDF3N1B6d0N4RFZubUZCdjc3RkR0eDJYMTRSSF9SWXoyeGd6WFlxbjg2YTdKM2FYdmdOOGpTbVUxT2ZLOVlSVUhVbENRaDI2X09NV1l0a0F5ZUNsblNaNHg0bFJzaEE?oc=5,0.7351,positive
2026-07-11T05:06:24.544925+00:00,Google News SpaceX,"Fri, 10 Jul 2026 21:15:00 GMT",Subversive Capital files 'Ex-Elon' ETFs with the SEC that strip Tesla and SpaceX from the S&P 500 and Nasdaq-100 - Yahoo Finance,https://news.google.com/rss/articles/CBMingFBVV95cUxOb25FQ0dQRF9IWWRGRG43VUJiUzgtS1pOcElzZlpJbWtjRzZJRkR0QVp1MGItd1U4NzhnbEZuS08tbElZdVd6Rlk2Q1E4bW8yblhpMjZ2RW9uRGlqR1hjUWphMjhNQ2thY3FGUFBydnZfQjh5VHQzd0pjTTl6enUtdEtiaFlhYTRPOHAwa19JUGtKMEpWVTN1Sk1LT1FsUQ?oc=5,-0.2263,neutral
2026-07-11T05:06:24.544925+00:00,Google News Starship,"Fri, 10 Jul 2026 21:04:18 GMT",Reports of shaking caused by static fire testing at Starbase - ValleyCentral.com,https://news.google.com/rss/articles/CBMiqwFBVV95cUxNRTRtODhpU0EyRlRRMWFscFVyM0F6eF9NN0NwYUpHNnc5VnlVQVc0LXM3MmxzdWxHSF9kbUlqb0xpZzEwb0VVNHJJUW5QN3BhSkNFOVhGbUx3T0FpczcxMWtuZzBqUVZBdEtLVnJWWGxxYnQybktHWExBeFhmdjcyQ25Mb2t1b0hHS0RySU5JU1ZxUDBJdnNLeXVXRTJSaWd3TEVHNHc1X0NndDjSAbABQVVfeXFMTzBTQVNpSXduNVpZeVBGZG1BWnd0SmVaMXBJZXZoMVprSjAyMVhaLW44aHRHNFBvcks3Y2FqQmRiZHNuUW16cmo0OV9iS1JSak1XS3lKM2NsQW5VUE9vamEweFYzdVdYb0JiYWZLcHdDQW5xVS1mMFppQWRHR1ctOTFtQkpNb2R0azJ3alpHNWlORGVTVmNCYlZ3Y1c4YWRWQnMta1E4dFVjenIwbDV2SDk?oc=5,-0.4767,negative
2026-07-11T10:23:29.516803+00:00,Bing News SpaceX,"Fri, 10 Jul 2026 21:02:20 GMT","SpaceX Falcon 9 rocket launches for 35th time, hauls Starlink satellites to orbit (video)",http://www.bing.com/news/apiclick.aspx?ref=FexRss&aid=&tid=6a5219a1622340bd92139e34e8549c5f&url=https%3a%2f%2fwww.msn.com%2fen-us%2fnews%2ftechnology%2fspacex-falcon-9-rocket-launches-for-35th-time-hauls-starlink-satellites-to-orbit-video%2far-AA27GedT&c=9936687900653354894&mkt=en-us,0.0,neutral
2026-07-11T05:06:24.544925+00:00,Bing News SpaceX,"Fri, 10 Jul 2026 21:02:00 GMT","SpaceX Falcon 9 rocket launches for 35th time, hauls Starlink satellites to orbit",http://www.bing.com/news/apiclick.aspx?ref=FexRss&aid=&tid=6a51cf5078a2416686687e27a923ebfa&url=https%3a%2f%2fwww.space.com%2fspace-exploration%2flaunches-spacecraft%2fspacex-falcon-9-rocket-35th-mission-starlink-launch&c=16558220425125338243&mkt=en-us,0.0,neutral
2026-07-11T05:06:24.544925+00:00,Google News SpaceX,"Fri, 10 Jul 2026 21:01:00 GMT",Has SpaceX Popped The AI Bubble? - Medium,https://news.google.com/rss/articles/CBMifEFVX3lxTFBtMzBoOHdtWXBiWElmYVQ4SnMyTlo0elRjaXFiSWNMcGR5M2JmdE12aGFGcXVTMEF3ZUN1NVpESkU1bEppLTV2V0x2bEpXMmxHcEJqVGs2TXA0eFU4TG1rTGpscHYtX3ZUTDQwVXZlaDBBU0xIVXVzZkd2Y2E?oc=5,0.0,neutral
2026-07-11T05:06:24.544925+00:00,Google News SpaceX,"Fri, 10 Jul 2026 21:00:09 GMT",Live coverage: SpaceX to launch 24 Starlink satellites on Falcon 9 rocket from Vandenberg SFB - Spaceflight Now,https://news.google.com/rss/articles/CBMizwFBVV95cUxQdEtlT1V3R2RhTEgtWjlBZmZvQlRsSzNMcmk3Z1ZrdW10c2ppcjFnQVhiNEttWUYtMkFPSm01bTNBUjZRMHRsRTN2a0JrQTNlTXdCcXE0bC0tRlZkTnRUZTVPMWExM094QXR3SlpnRUJkaGZKNGlZc2R1SWhjQkJZdUt6MUxISGxQLW5xZHhEcFVUVjJocjJWU3ZULUpuQ0xWTV9DSExKbDNEcHpoaVdBYk9yd09ZUWlMSGpjd3daYms2QVZsTFFjcVZwNnp2NFk?oc=5,0.0,neutral
2026-07-11T05:06:24.544925+00:00,Spaceflight Now,"Fri, 10 Jul 2026 20:59:39 +0000",SpaceX launches 24 Starlink satellites on Falcon 9 rocket from Vandenberg SFB,https://spaceflightnow.com/2026/07/10/live-coverage-spacex-to-launch-24-starlink-satellites-on-falcon-9-rocket-from-vandenberg-sfb-10/,0.0,neutral
2026-07-11T05:06:24.544925+00:00,Google News SpaceX,"Fri, 10 Jul 2026 20:55:04 GMT",An analyst with a rare sell rating on SpaceX stock outlines what would turn him more bullish - AOL.com,https://news.google.com/rss/articles/CBMigAFBVV95cUxNaG9ISG1yRlp0ekVhUnItc290Vkc1elBlZXgtWHdVdXBtdmU1WFc1RHZKTzgtcmdhMzRGTlB3M2ZtYmUyTDJOMEl2aGpwbW1kV0w3eExxSmhsQVBtZ3RSZWtqQmE0RXBlMl9lUEJqM1ZaLTJPdWpwMTlreXRUZ3RrMg?oc=5,0.0,neutral
2026-07-11T05:06:24.544925+00:00,Google News SpaceX,"Fri, 10 Jul 2026 20:44:00 GMT","Top Analyst Reports for SpaceX, Meta Platforms & Boeing - Yahoo Finance",https://news.google.com/rss/articles/CBMinAFBVV95cUxQNnNqTHJNaTJYTGcwRnhiOXhQajd2cUxkSnJfWFpLd29SaktYRnhhNm4xTUh6UjJ3QlQzZHY1UnRVY2xGVk5FOEd6TUl5YTNBVm1fUFVHQnhNRi1nUV9fLV9ybWxhdW84NU00MXV1V041ZWZCN0ZNR1U2bW1qUGNweDJWeU5Zd1BqRnlZSlZHMmFXNDNQdlBjMFE0Vkw?oc=5,0.2023,neutral
2026-07-11T05:06:24.544925+00:00,Google News SpaceX,"Fri, 10 Jul 2026 20:34:00 GMT",SpaceX Targets Moon And Mars Colonies With AI Robots And New Satellite Network - RTTNews,https://news.google.com/rss/articles/CBMiuwFBVV95cUxPOFBPenh5WWNuVkx4MUFud1RnMjk2a3Zxd0dQTlN1V0JrWDRKVTJyWU52eDJkMm9YOFVqVUhHR2YtZTh0eS15RndxME03NXl0Q2dndFNtcDJQNk1KQ0RDajRZYlJuOF9xb3ozSE9MTkwyNG41d3ZfSDhubnIyODJicXpCVmdMYW5ET1dUaWpOcWxGOE5SZXNwWThQMDJKbmwzRnBJUDc5UWVjZE4tODNUNVpGNWJHUWlkV1I0?oc=5,0.0,neutral
2026-07-11T05:06:24.544925+00:00,Google News SpaceX,"Fri, 10 Jul 2026 20:22:19 GMT","EchoStar Offers 20% Discount to SpaceX Stake, Deutsche Bank Says - TradingView",https://news.google.com/rss/articles/CBMivwFBVV95cUxPQkp0S0I1bDNHSFNEa0hSV2V2U2RBdVAtbjlCSGpoaURhRHNNMjk1dHMtMHVwSkc4LWNKMHA5NDE5Vk90c2dyWV9NRzFDRUFBMVh0VE1aWE54OHQ0SEdyeVpNMnBaUFM5YUkwYU1Gd0tfS055aU50WVhSZkJYZmlySzQ1ZDUzMHprNEk0YWxzLUp2dFhvWmMxaVg2QXVab2dlUmo2cHJYd1BNV0M1M3AzcjZVUXNyalN1SUpwMnRKRQ?oc=5,0.0,neutral
2026-07-11T05:06:24.544925+00:00,Bing News SpaceX,"Fri, 10 Jul 2026 20:14:17 GMT",Elon Musk abruptly bails on live interview as SpaceX slumps,http://www.bing.com/news/apiclick.aspx?ref=FexRss&aid=&tid=6a51cf5078a2416686687e27a923ebfa&url=https%3a%2f%2fwww.msn.com%2fen-us%2fnews%2ftechnology%2felon-musk-abruptly-bails-on-live-interview-as-spacex-slumps%2far-AA27FTU9&c=12320617605733923579&mkt=en-us,0.0,neutral
2026-07-11T05:06:24.544925+00:00,Google News SpaceX,"Fri, 10 Jul 2026 20:11:00 GMT","SpaceX Will Be ‘Worth More Than the Rest of Earth,’ Musk Says. How He Gets There. - Barron's",https://news.google.com/rss/articles/CBMiiAFBVV95cUxNRGRYMnM1d0pEdzFtdDdob2dtTkF4Qk1iN1BySXozd3RtSFIteWpjTGdLT1VCNF9WQkN2T2ttVnZhbmlsNVFxRlBTRC1pQVg2cDhReE1UT0pITmRMODFWUnpnU2JacVR3Qnd5YTg0UHBRbmJzeDB2aEJCNVVmdFdEdGF1LWpJOVky?oc=5,0.0,neutral
2026-07-11T05:06:24.544925+00:00,Google News SpaceX,"Fri, 10 Jul 2026 19:50:28 GMT","China Successfully Lands Space Rocket For First Time, Matching SpaceX And Blue Origin - Jalopnik",https://news.google.com/rss/articles/CBMiigFBVV95cUxQZHJvajR2QWxDVDNVVmlwd3B2TzU2RWU3YjRHUk9WR1RyZ2V1YjRDUzdTWlN4bm82dklPNmRpaDFORDZsbk5SZElmcVVUenVod0FDZHlNeUw2cEpRTkZHYW03Y1ZyZzFUeTlfU3I0S25wVzhQTWZUb2RCV1l6TjVRSDBEWlZma1BXZGc?oc=5,0.4939,positive
2026-07-11T05:06:24.544925+00:00,NASASpaceflight,"Fri, 10 Jul 2026 19:46:17 +0000",Booster 20 completes record duration Static Fire,https://www.nasaspaceflight.com/2026/07/booster-20-record-static-fire/,-0.34,negative
2026-07-11T10:23:29.516803+00:00,Google News SpaceX,"Fri, 10 Jul 2026 19:39:33 GMT",CNBC Reporter Notes SpaceX Stock Dip After Announcing Elon Musk is a No-Show For Interview - Yahoo Finance UK,https://news.google.com/rss/articles/CBMigwFBVV95cUxOSHpWR2pGNGZNd2Rad1BtQ1NvbzFzbkVHWEE5ZjBqazVYYnBXcjBQVnI1RTYtelQ1WnI1ZUMxNWh3Qjl4b25oNWFES0JqQ085ZElQRHlNczRGRFJ2Vjc2bThOcmQtOXZlN0tTemFLNGRnUndHcWVNcVdDNWlFd2hYMTN0cw?oc=5,0.0,neutral
2026-07-11T05:06:24.544925+00:00,Google News SpaceX,"Fri, 10 Jul 2026 19:33:47 GMT","SpaceX Went Nowhere for a Month, but It Easily Beat Other Space Stocks - AOL.com",https://news.google.com/rss/articles/CBMiggFBVV95cUxNZVlqbEt6cXY2V0tnTVdwb3RrNmtreV9pS3JpZEVxZWtNT1AtVzdwVUtFTFNQYy1fZVU4MlBOSXFyTFY5TDk5RzZlWU4yZFVyZFdySWVSaEhpejRRZ2JQdDlodVpLVHJEenBOSGp3Ry16dGNfaFM0aE1Vb3duUHNwT1dB?oc=5,0.4767,positive
2026-07-11T05:06:24.544925+00:00,Google News SpaceX,"Fri, 10 Jul 2026 19:33:31 GMT",SpaceX Stock’s ‘Genesis Line’ Is Screaming a Warning for Investors - Yahoo Finance,https://news.google.com/rss/articles/CBMiogFBVV95cUxNbXdVbi1ib0ozZEtrS1FSNW5Qdzg2TlVjLVhYYVhHR0dzclhpcUF4LVpHNzFud1pDblMwbk5iN24xMUxCSldLMEZOMXRpZkZEUDVXZnhjRGhwMmEwS1M2R0Z3bmFReFNfTHUwQ3BLR3NkTUVndjJkOVRReVVsSzdzcGdnTUtzbkdQemUtZDZmR2p1Y3NTNlZfOGdxMVdsZzl6N0E?oc=5,-0.6124,negative
2026-07-11T05:06:24.544925+00:00,Google News SpaceX,"Fri, 10 Jul 2026 19:32:42 GMT",CNBC Host Notes SpaceX Stock Dip After Announcing Elon Musk is a No-Show For Interview - Yahoo,https://news.google.com/rss/articles/CBMigwFBVV95cUxOdVF1cmlMRE1DMzkxZnMxOUd1WFNzQnNaSHdnMlFfUVRGeE1BRVdtSmxwSHBEcUtyNEFsdUtkeGxPUFdZYXhaQk9pTzJoOVZmTkdYQldabHdlMnk0ekszZHZXd28yQTZOaGxTRzM1WE8wdjBKRC16blRWWGV2alhaV01sdw?oc=5,0.0,neutral
2026-07-11T05:06:24.544925+00:00,Google News SpaceX,"Fri, 10 Jul 2026 19:32:21 GMT",SpaceX: The IPO Hype Is Fading - Why Shares' True Value May Be Less Than Half Its Market Cap - Seeking Alpha,https://news.google.com/rss/articles/CBMiyAFBVV95cUxNNEVXOUo3N3RXbUliQUNnWGNGTGNJNy1ZaHNIQnZmOS1Sek9uX0JxNFV3MDVXOW1nRW9ybVZ0TzRsLXNjWGdkTlhwa1ZwbjdFM2JrS0sxSlRXalpZNU10Qk1lWmtndy02bUNtc0hIM3ZsQWtKRmNkZ3JZWnFQYmN1aWJ0ODFCQWlWbkI5TFo3V3g0dERJdUc5bmJ5TEdhUEdxRDBhMlRicndkeWVVMzRPdXh2MjZyeXg2Zlp5Y0ZMWW4zd3dyeEtSUA?oc=5,0.7506,positive
2026-07-11T05:06:24.544925+00:00,Google News SpaceX,"Fri, 10 Jul 2026 19:32:00 GMT",SpaceX attends Louisiana ‘summit’ as speculation over its plans swirls - NOLA.com,https://news.google.com/rss/articles/CBMiwAFBVV95cUxOb0YxR1BmdldIdXQ0ZHFocWpsY1U0dEh1SnRzeF84OTBrRHAtOUN2TmxKaXJuUjVOdHN5c1Jrblhuam9HRkpmUV9oODdheERtajg5cGdBTGkyWkRZVHdvTm05NF9aMVQxYU1pOGpzR0ZLZzVNalhfN3VNQnhiTkdhMEptYmFIelk4aFlsQ05QazBFTFNmclZBcHF2a0p5VGV2c0NkWVNfbS1XNkVoaWotQmFBM1dBNlBDcU54RXVXQm7SAcYBQVVfeXFMT1o3QWZQQzFlOE85N3RPZE82WUV3R0tBOEVmV1FaNXd1ak5nN095aDc2cWttVHJQV2JQR25jN0F3b3BaRHhoOTBWQWlLREVueTdQWTdnTzYzTVBDQUJBZnRhb29kd0hRVVh6SWRYTTdlZXFpcngwMzQ1OEVXOF9SU1NpTC1wZ2hvX09ZdldKTlNnYW5zN3BTUmRwMjNqUk9TQlhncVA3Q3liZjJ2d1NzeE9MaGc4Y05XZHQ0aTY3SjUyN2lYQk9n?oc=5,0.0,neutral
2026-07-11T05:06:24.544925+00:00,Google News SpaceX,"Fri, 10 Jul 2026 19:28:45 GMT","SpaceX IPO Pays Off For The Musks: Elon First Trillionaire, Kimbal A Billionaire Once Again - Benzinga",https://news.google.com/rss/articles/CBMivAFBVV95cUxPWjhZSTBIcjBZYmR4Q1JGQ1dacTZDLUd2VnVfTE53THQ1RVhONU41X0UwaUdYZ2VVeTIwTl9TSVJaZFNuczYyTFRSZThKcHIySnlfeURVZ1NKSzh5OEJCa01adnI5T1NXTW9UVGJVZWJlYWJ6cmp4NmUzRlV1aHAyWm5BeTlRUVBHUUw5MXJtX1BXdmRfUUliRnBFRm5XQ0NhenZZQ2hndWl1UGw5Q09FdWJBaGxnS09NczBBaA?oc=5,0.0,neutral
2026-07-11T10:23:29.516803+00:00,Google News SpaceX,"Fri, 10 Jul 2026 19:19:02 GMT",How SpaceX and AI Spending Are Reshaping Investment Grade Credit - Neuberger Berman,https://news.google.com/rss/articles/CBMilwFBVV95cUxQdkZfdk5rZDN0ekhSS2t2RGFGcDE1Z0RWVzBOX21iYXJZRHJYOHdwbXBVSng0U3JTcGFXQkNodnUxUkIxZG1YZy1mTWNadHlrVHdfdTNRV1ZXdzFRbV9ONy1vMFNDWFlWcUhKaU5UZzVqZ2lxOXpTSjhSRC1aQzg1Ty1qR2RpdkE5aHpWNFpic2Q0MkRqRDRz?oc=5,0.3818,positive
2026-07-11T05:06:24.544925+00:00,Google News SpaceX,"Fri, 10 Jul 2026 19:17:36 GMT","SpaceX Went Nowhere for a Month, but It Easily Beat Other Space Stocks - 24/7 Wall St.",https://news.google.com/rss/articles/CBMiswFBVV95cUxQd2RCb1RWc2k4a2JRamJSZGFycmRrN18tVk1KNEhhek5FRTNrREhhOThReDBaS3BRbWNjejB1bTQ2WTJoTC1LRl81S3ZOMkg0RTdNM2ZGbDZJby1wUGY1RHhTSVJKRE5rMVpVS095dnhxdlJ4ZW1nS1hVTG10Z0xjakduTGxjcGNQUGpudE1Gb0hVTEdIREtBaGx0SWdjcmlFY2JxMVlreWxCTllPUHhDWWQtOA?oc=5,0.4767,positive
2026-07-11T05:06:24.544925+00:00,Google News SpaceX,"Fri, 10 Jul 2026 19:17:36 GMT","SpaceX Went Nowhere for a Month, but It Easily Beat Other Space Stocks - Yahoo Finance",https://news.google.com/rss/articles/CBMingFBVV95cUxOdjBTck4tVWtaU3dmdlV3LTIxa1hmNG5od0MyOXlxY0p3NEwwejNZV1JpQW1GWHk2NjYxb3MzaGJUZDlDdVczbExLVjlMQno3Qi1GTnhIOFgzUDBwSjh0TXBuSXpYZzhlRVR1bHhBSkVqYk02Y3dXdlVlRmlwdUZhMnItZGQ0QWJoekEzNTc4WTU4eTAzcUhsM3RENjhkZw?oc=5,0.4767,positive
2026-07-11T05:06:24.544925+00:00,Google News SpaceX,"Fri, 10 Jul 2026 19:13:35 GMT","SpaceX Tests Starship Pad 2 Flame Deflector at 650,000 GPM - BASENOR - Tesla Accessories",https://news.google.com/rss/articles/CBMimAFBVV95cUxPM3BON3dDUGpycW44NUlrbUI4NjVDMHE2cUJmaXZzV2hnd29RSnVsekpRNmdSNVZ0TnhWbDZiQ0FBYmZ0UU9CY2MzSmpGdEZrS0hLc1VsMDFvRlFNZ2tKMnlCbjBZSmZnQk5fY3lwY2gySkVBOWhCMm1uZXp6X0VOZ0N2STV6Y1U5V0p6cG1CM0Y3U2ZSOVdRMQ?oc=5,0.0,neutral
2026-07-11T05:06:24.544925+00:00,Google News SpaceX,"Fri, 10 Jul 2026 19:08:22 GMT",SpaceX Stock Has Traded for a Month. Investors Are Waiting for the Rocket Ride To Start - AOL.com,https://news.google.com/rss/articles/CBMihAFBVV95cUxPV0VOaTd6NnRDX1pFcDlhRTUtejYwck5wOW5icWxoUXh5NmxLLXEtX2hMYjA0cGJZajgtNFpQSnlKR2xHOUx0SDhPdVYza0hVOXVOREZtbTZjR2tFdUtjWlpZcU5VODF0NjJKajROalRTbFVVRHVIc3lGajRXS0RKRUZoVjY?oc=5,0.0,neutral
2026-07-11T05:06:24.544925+00:00,Google News SpaceX,"Fri, 10 Jul 2026 19:06:16 GMT",SpaceX IPO powers record month for tokenized stock trading - CoinDesk,https://news.google.com/rss/articles/CBMikwFBVV95cUxQTnlYQlFGbVpWbHNYSEkxN3FQUU5aVGg3aDc0cmJlYWJKUTVWclkxdTYxUGRDQW9Vc0pzOG5PakxVd3U0bUNSVVVlQ19rcHdhcktnbXc1elpOYVpXTEZDNjAtMENaVXlXQ1EyeV9VeDA0SFJHZWFlMDNFc2t0RUpFQ0t4Nzgta3lkWnRVeUttZGxlVlU?oc=5,0.0,neutral
2026-07-11T05:06:24.544925+00:00,Google News SpaceX,"Fri, 10 Jul 2026 19:05:00 GMT",SpaceX vs. the Last 5 Biggest IPOs in History. How Did Those Stocks Perform a Year Later? - The Motley Fool,https://news.google.com/rss/articles/CBMilwFBVV95cUxNZ1gwQmcyVk00NnFvZTd2WjlqbHdaakpReVVianZmRERfZ2N5UzlvOGpjQWJmaVBVOHk2VVVjUFFPbjNQUlpmTTNqaEkwWE5kc0Q3MFVka0F5d2p3MzBmZVo0NDNOYVZubHQwajlldmJ2WERPblhIYzFtU2hFSmo1WTlYY0ljZFJzRUMwVHluLTlrTHNfdUtF?oc=5,-0.4404,negative
2026-07-11T10:23:29.516803+00:00,Google News SpaceX,"Fri, 10 Jul 2026 18:51:00 GMT",MoffettNathanson's Zhu on why SpaceX is a difficult company to value as stock falls below IPO price - CNBC,https://news.google.com/rss/articles/CBMi2AFBVV95cUxPbnBEbzRnT1RsT1BkaXZRVDlEdUdTRmdmOXJ6UHM5VTRvUlNYNzFtcF9aVE15ME1VRWtIeFRDUmdTNUNWUU5mdWJzbjcxQUU0a1V4VnRvUW93RF96S0NEMVVZMGJSSnU4eVo3MlZkTWpQc0FuUUlSOU90RlI0d1l0bDRsYTNYaS1DSVNDQmhCUElTT29KLW9Eb0hCZWhDT2lnaGxuX2N0WHZDdzhuZ0ZJU2dkYkpOclNyZUdOY1RFbGNtMFVvbkdOaE9mLW9wc0k0bkJETEptcks?oc=5,-0.0258,neutral
2026-07-11T05:06:24.544925+00:00,Google News SpaceX,"Fri, 10 Jul 2026 18:43:54 GMT",SpaceX vs. the Last 5 Biggest IPOs in History. How Did Those Stocks Perform a Year Later? - AOL.com,https://news.google.com/rss/articles/CBMid0FVX3lxTE4xczRMUW8zTnFtUFZWcVZ3Xzg0MUFvajE5b29kSE5Fb1Z4eU9naVREZ2M1bUZlQS00Z2xrV1l6RWhrRkpkRzRmMERad2JQMmJ0Z3hPNzlkRDJpZmpBV0FWZzdrMldxdi14NWxMYlNQaWY5dDNETnlR?oc=5,0.0,neutral
2026-07-11T05:06:24.544925+00:00,Bing News SpaceX,"Fri, 10 Jul 2026 18:19:00 GMT",Europe just unveiled a new rival to SpaceX’s Starship,http://www.bing.com/news/apiclick.aspx?ref=FexRss&aid=&tid=6a51cf5078a2416686687e27a923ebfa&url=https%3a%2f%2fwww.sciencedaily.com%2freleases%2f2026%2f07%2f260710003526.htm&c=9341104989466787740&mkt=en-us,0.0,neutral
2026-07-11T05:06:24.544925+00:00,Google News SpaceX,"Fri, 10 Jul 2026 18:13:56 GMT",Elon Musk says SpaceX could be worth more than earth - Yahoo Finance Singapore,https://news.google.com/rss/articles/CBMiggFBVV95cUxPMkZhZ08wa3ZwNU9ESlNocEFrQUw4aW96LVNoT2xRb3lYT0tsR1FqX24tX21UcTMtMXZmN1RRTUVhWC1EQUNQenFUSEtrZHdUVHdVRDY5cG92MkViZU5VYUpUTHhOcVBxUkUxRWZoNVJLaDdlMjdyTE1hV0t0WEktVG9R?oc=5,0.2263,neutral
2026-07-11T05:06:24.544925+00:00,Google News SpaceX,"Fri, 10 Jul 2026 18:12:12 GMT","Choreo eyes OpenAI, Anthropic employee wealth after SpaceX haul - InvestmentNews",https://news.google.com/rss/articles/CBMirgFBVV95cUxQNGRqVjdDZXBZN0FzWG9qTExwN1JNdFpPTi1wd0RTYXQtQV9HbGlOV01CZzlxZGFicE5OYU9VbzdYNWN6YlNKOUtGTjk1bkh1enFveVgzYmJ1U0ZLVmxlai1Nek9ZTWwzSGVnSVAzQWF4dHJhUlV6Z3ZfZmtNM1JvTkY2M2Via3pSV0ttU2hWd2RwOTNKZ3JtUnZ5QWF4bzg4Slg0eUJKZXQzQ3V6UFE?oc=5,0.4939,positive
2026-07-11T05:06:24.544925+00:00,Google News Starship,"Fri, 10 Jul 2026 18:00:00 GMT",Launching from 2 continents: Germany's Isar Aerospace leases Canadian pad for $150 million - Space,https://news.google.com/rss/articles/CBMi5AFBVV95cUxNTVdwZ3F4X1ozQllnU3Y2S1lFM0tHS3RTLXpQTGt4T2V5cHp6aGNoS0FyTUVQQjdsaDdnc194MU82YUp2cHhDMGdlY0E4eFIweDBndy14aG9nbmhDdmJta3dLVUV5LWIxYW9GYktyRFpSXzY4Q2xzaTFNMkkxc1NqWWlYZE9RNkRoaHZ0VE45N0pJOERYQkZMWVh1M1RSdVpWbTFMYzEzV01SdTBaQWw5OEZUc0xEVTFzU3ozVnVCVHdyekNLOGRvamZWMWV0Umh3Sk0tQXhMcTV2Uk0wd1FRMlFZQXE?oc=5,0.0,neutral
2026-07-11T05:06:24.544925+00:00,Google News Starship,"Fri, 10 Jul 2026 17:20:51 GMT",China successfully lands the first stage of a rocket in reusability demonstration - CBC,https://news.google.com/rss/articles/CBMibEFVX3lxTFB6Qi1JYXZPNVdWOFFMdTAtb0RIUkRxOElIS0IxZmhEbmtlVU1RWGxoQXhCb0FhbmM5ZFJ6dGxGbnhVTGI4cWlHUnJ5M0hLZkNUbkphUVlNZlJfQlBDRzFDaWJxVHNmZG1Ra3RnbQ?oc=5,0.5574,positive
2026-07-11T05:06:24.544925+00:00,Google News SpaceX,"Fri, 10 Jul 2026 17:15:00 GMT","SpaceX wants to launch 100,000 more Starlink satellites - for 100x the bandwidth - ZDNET",https://news.google.com/rss/articles/CBMipwFBVV95cUxPTHExUzF1Uzk3X0RJMk43NFFnVFlEZWxTM3NfR01PTWhqcDVITnNYV2dEeXFmQ1VXRFVKN1N5RnFJNlRlUGJ5Y2Y0RG04SXhZQmVNX3E3aUVfUHJHRlQwV21sMEp3NW1OWVc1dUoyYlBOZmsyaXNiVndCYnczWTRYMjN0RXhZU0JhOXo3dFBnaGNORG5ZZno3andoa3hwcXVDWXVaZVFraw?oc=5,0.0,neutral
2026-07-11T05:06:24.544925+00:00,Google News SpaceX,"Fri, 10 Jul 2026 17:00:00 GMT",SpaceX rocket streaks across early morning sky in SC Lowcountry. Next launch coming soon. - Post and Courier,https://news.google.com/rss/articles/CBMizgFBVV95cUxPVnJBelBpbFpzS0l2aURQRngtcEVpQkZYalM5NWNrX2RFdXh4TFJILXo0X1RMLW1FWnU4YXl4OWxvcjNnS3ZqaGhNdzREQkpBeHJja2NHWjhfYlJuSW9FbE9CZ2Q2elN0M0VlU0w4ZlZqbXFvZkJZOUFSdjFxZkwyeHhKbVZlOVExYUVZN0M4MklJcGNhYmFtUXJOckwtS0Y0bkotOUlNUmdjelRsd0luRnl3ek0wV2hFWFFkRzU0WlJPdGpieFFGYWJzNGV4UQ?oc=5,0.0,neutral
2026-07-11T05:06:24.544925+00:00,Google News SpaceX,"Fri, 10 Jul 2026 16:53:24 GMT",Elon Musk Says His Goal Is for SpaceX to Be Worth More than the Entire Earth - Futurism,https://news.google.com/rss/articles/CBMieEFVX3lxTE1DM3VSQjBDUU1pZEx6UkRpblVkXzV6WTdwbHlOcDBfN2liSERNQUp0ZU5PcWtVSEJBWFA5ckwyT2cyT3lNVi0yUXA4NFFlUVpPN3BjOEMyeEFVR2tOZzlVVzdUVHJ6X2l0ekdKUDlfUWRJZmp2QUtLUA?oc=5,0.2263,neutral
2026-07-11T05:06:24.544925+00:00,Google News SpaceX,"Fri, 10 Jul 2026 16:53:18 GMT",China’s rocket booster recovery marks major milestone in race to rival SpaceX - WFTV,https://news.google.com/rss/articles/CBMiygFBVV95cUxQazlXVGcxcmFRMlo5SFdSdkRkamVqV1JETmg2MERQaGpFZm81VlZnT3cxUFctYXNUaGxzV3lWSUJkVjhBd1FIeGphYkpjb0lOanZDMGd0SDYzbHpaVlpSSVFGanNkdUlfSE1MMl9xczZKS0ZUUllDZkJ6eG5IVmp3OVQzS2dnaDE2LThqWEpxRk5ZZmNvaGxvaEIwWW5ycGRNSHhCamthdS13VTNCREFLVWh6N2tjbkk0RXJQd1ZSdkl0dmtLM2twV01n0gHeAUFVX3lxTE5FSEFmRERMd3dSOGZSSGlaVG9HREZkZXFRVTZ5Ujk0Qng5WkVGU2JuanA0Mkg0bF9VZXAzMTFwbmJWZXgzRGU3VzhoaWhtODlOWDBLQXVvWnZMVzNPNW9VQmZYOWhwRi10bVJZd2ZRZVUwa1NNVDd3eFlVSEI0UGEyMFFvV0I4S3JMSUxWN3B6WmdvT0hwZEN6ejlGaEtiMnU5UmxqbTR0R052eUZzU0tybktzQmFjNkRQa2ZwdmdDSW5tN0VxUTBQS2kybmtfajFCQ1UxMnJVVWk5TUpPQQ?oc=5,0.0,neutral
2026-07-11T05:06:24.544925+00:00,Google News SpaceX,"Fri, 10 Jul 2026 16:51:07 GMT",China is catching up to Elon Musk’s reusable rockets - TechCrunch,https://news.google.com/rss/articles/CBMijwFBVV95cUxPd3p2c3hHODJrRDJtdUVjUXZ5dmY3NHFxVlR4TDJtdU5USmVKeG5RVG00NTl6dktXejFQX183cHpSN3dCT3lFRjRhSExmOG8tMmxySHhoeTU5OVVtOHRDUzNvaEROZzZQb1BqdkpWOU8ydE9CbnAzVTRDT19NV2FBTHpSYnlhb3UyWktTSmZDNA?oc=5,0.0,neutral
2026-07-11T05:06:24.544925+00:00,Google News SpaceX,"Fri, 10 Jul 2026 16:46:00 GMT",SpaceX Investment Fight Ends in Victory for Musk Ally Kahlon - Bloomberg Law News,https://news.google.com/rss/articles/CBMiowFBVV95cUxPdTFNWHFuYkttQ3AzS1lmWmkwUG9IdGVrbEtZQ0pjRzBDSk5sX0JGdGl6dW5kLVNWcklRWTBldHU1S0IyamM3VE5XRk1jTmI0Q1VzZWZ0eFI3YnlHeFVwN0pxbGJsYkdqOWpaM2ZBMkFGY0pLR3BYNnIwbTdIaHpuV1ZHcXlEanNCMkNZQXBVZEIzQWxBcHJ3MmxVRlI0OEVyaHdr?oc=5,-0.3818,negative
2026-07-11T05:06:24.544925+00:00,Google News SpaceX,"Fri, 10 Jul 2026 16:41:59 GMT","SK hynix Surges to Open at $170, Topping SpaceX’s Debut - Yahoo Finance",https://news.google.com/rss/articles/CBMikwFBVV95cUxQNVhNSHpqUXRVa3p5dlVONDluUWY5d3FPbzkyM21vVXY0UjNGVm8xSmNkLTV5eFNnVHkxN3JFVEpkdlF0R2dxNlNQTkR6YndDbWtuNWNmM1lHM2R3SlVIYWhxWm9TWGtqWFRpWnRENGlPMF9sQkNDNDM5NzFyQndURTZYTXl5cmN3WGwzSlg1VWhuV3M?oc=5,0.0,neutral
2026-07-11T05:06:24.544925+00:00,Google News SpaceX,"Fri, 10 Jul 2026 16:41:59 GMT","SK hynix Surges to Open at $170, Topping SpaceX’s Debut - 24/7 Wall St.",https://news.google.com/rss/articles/CBMinAFBVV95cUxQSEw2aThxU3NlNHJXTGFhWFJDQ1pSaWJFUm5lOUtYTU9MWG0yN05CQ2JpZ2lrbkpxTzFSenA4VThHWDU2NG1lY3FLWkhQWXg3VGp0N0pmUnRmQ1JMSUlncnduRUREQlVPdHl2SG1QY2wtZ1AzS2dPSDBwMEN4eFFMUzB1YkNsLTN6SGpJdGNJWnc1V0ZFTFNMMjIzbnM?oc=5,0.0,neutral
2026-07-11T05:06:24.544925+00:00,Google News SpaceX,"Fri, 10 Jul 2026 16:40:50 GMT",Congressman Buys SpaceX Stock After IPO: Trade Could Be Down 23% Already - Benzinga,https://news.google.com/rss/articles/CBMiwgFBVV95cUxNREVzS2RzM0hmVGtSazNSM0ROTFR6ZHFXa21RYWktWnU2QnZlV0ZFRG15aUtYRnJLY0t5UWdSdklMSk45YTc3RGRfaVowbEtvYk9hTzZnakgycl9CQ1NUemxNcURFSUpHVVBuM0dQaG9pQVo3bzJVLThKNWQydHE3LUk0NHNFYzdIVDdJS01BSFpRQkcxbU5YVDlsUWpXRWxFZU44NllzTU1FZldvU0xNeFJWS3ZXbVNvMDROTzdjaVg4Zw?oc=5,0.0,neutral
2026-07-11T05:06:24.544925+00:00,Google News SpaceX,"Fri, 10 Jul 2026 16:37:00 GMT",How does SpaceX entering the Nasdaq-100 affect your 401(k)? - thestreet.com,https://news.google.com/rss/articles/CBMipAFBVV95cUxOdDVfMTBUNy1hYjVJTkN5Qi1yT3Z6UjZEelkxVnp5cEhnWE5RVTJNLTYzOTh5VHI3ZkRnbzFnSVVQM3NpVWcxYnRPWXJXZGhLUlh2MjR2bnNIRFJLMU5TMWdaeFBVYWctU0RFd3FhN0gwVjN1TG9sSUJLWkFGaDliNWVGb0QzYWlFeDBpWEtEOHVsM1FkNk9aRXEwQmZYSWF6dXpzTQ?oc=5,0.0,neutral
2026-07-11T05:06:24.544925+00:00,Google News SpaceX,"Fri, 10 Jul 2026 16:27:00 GMT",SpaceX Florida rocket launch causes ‘jellyfish’ effect. What it looks like - Naples Daily News,https://news.google.com/rss/articles/CBMiyAFBVV95cUxQRUVYUUF2c2MyM0w1a1llVXFYamxYWklzV3dUbDBPNVNlV3dvQlRjVXBJNXdZbVRmdV9ENHM4OFdDcDluemJxdWlNc1c5VTBOWkh1MVZXZzlIYVJEZ19NdkI4LU12YU9NTUNiSWxYR0d2TGNGM3FYUVFBWnQ4OHlwVWlPUThnaHhPYU1Ja0pPaGxRbXZmX0tPNndwS0QyOWlEem1JZERUUTM3aWlVNzZuWmRYN2JKb1JsWjNremNFX3lMbXNmZ1hpeA?oc=5,0.3612,positive
2026-07-11T05:06:24.544925+00:00,Google News SpaceX,"Fri, 10 Jul 2026 16:27:00 GMT",Pre-dawn rocket launch in Florida provides 'space jellyfish' effect - Naples Daily News,https://news.google.com/rss/articles/CBMiggJBVV95cUxOWUpOQkt3VkhIaF8wa2ZYSWRIOHVPUGYtMDhUSzFjZnBWN0xFUVBhM0FBdWlRWTR0MnhEdW9XV3pMWTJOWWZhMDlkVXl0NGJkM080Qk1QN0NWaDNwdkltb0VERmZHYlZxQXQxTHM4TWx4S0otVHUxN3dfeXJDdC1YWkIzenM4OU1CQkx6amZBTW5MTnhqenJpUHczZEtETTVjNWlJNEVyV1RvMHpyLVpsUXVRZG94Q1ZYQXV4cmlDRzRuV0hKOWYwV01ERjJYWjRnLUNDTU5idnZseElnLXRqSDhmNUlTRDVUY08wLWJRYy1rWE1QZkx5S0UtTFlsRDdtWXc?oc=5,0.0,neutral
2026-07-11T05:06:24.544925+00:00,Google News SpaceX,"Fri, 10 Jul 2026 16:27:00 GMT",SpaceX Florida rocket launch causes ‘jellyfish’ effect. What it looks like - Sarasota Herald-Tribune,https://news.google.com/rss/articles/CBMizAFBVV95cUxQUTNTaEdHWG04c0lJMGd6OHVHVUV5dFZWcFg5VE1Ta242VUtYNTZOVHVzNHJqeng5Ym8wWFZUVXlOai05c19YazY2WE9ESnNrYUVfRUpyb2pJRXRhamktX3FvSUItakdhUFBlbnkxOXRjelVjOXFNOHlqX0w4V3QxWk9ocWVNem1Eb0xIS3R1WEUtdDZMcksyU0RkdjRYN3VzNXhEenpRWHFvaEdJMDJObkU4OHpta0VyTExRWUZXdXVJSjczcHlVcTF1ZU4?oc=5,0.3612,positive
2026-07-11T05:06:24.544925+00:00,CNBC Tech,"Fri, 10 Jul 2026 16:25:12 GMT",Elon Musk postpones first TV interview since SpaceX went public,https://www.cnbc.com/2026/07/10/elon-musk-interview-live-updates.html,-0.2732,negative
2026-07-11T05:06:24.544925+00:00,Google News SpaceX,"Fri, 10 Jul 2026 16:23:21 GMT",SpaceX Stock Has Traded for a Month. Investors Are Waiting for the Rocket Ride To Start - Investopedia,https://news.google.com/rss/articles/CBMiyAFBVV95cUxPbUcxOXNTc2VlQ1dTcTFabTZBMFdtR0JpX2Q0WEo3THkxU1U0Vm1DTzdrb2R3WTVCRmY3bGw0VGxkWm85NW9icmZVeEpmVzdpSy1sMElVMXBUZXozSks3UUV1LUJpLTdlVXVua2Z6RmRKLUItUFJKVDZJenpjQzQ4Wmk1SndQT2VJYTgwc3R1eU8wSjhPRFN6aThJWnNmd0tsRC1ScVVHY0hkQ3lWaXlnRTFDYkRqcElyeGZMSEQ3WXhweEhlbEdpeQ?oc=5,0.0,neutral
2026-07-11T05:06:24.544925+00:00,Google News SpaceX,"Fri, 10 Jul 2026 16:23:21 GMT",SpaceX Stock Has Traded for a Month. Investors Are Waiting for the Rocket Ride To Start - Yahoo Finance,https://news.google.com/rss/articles/CBMiogFBVV95cUxPTmIxazYta1ZwMGlESGE1dmFSWDZSbk5UYnN4VnhZWjNnekF6Xy1nTV9IMm1CWXNKSndqQkRueTJpczY5MlhHQjZSSGVLUFc5QzBEbGpTZjR0Rjlsdjk4RXRvVVlSbVhlX0w5SEhnQ1E1LUtLQjlrVGlLSXJkMWlIRmQ4X1RzM3c2bldwdmxRZTljUjVrMmUwQTVHZG85NDcyQVE?oc=5,0.0,neutral
2026-07-11T05:06:24.544925+00:00,Google News SpaceX,"Fri, 10 Jul 2026 16:18:00 GMT",Elon Musk postpones first TV interview since SpaceX went public - CNBC,https://news.google.com/rss/articles/CBMiqgFBVV95cUxQOWVHR3c5cDg2ZVd3aFFCeUZJZEViaTQ1TVphM2dXYkN6YS1adGFIRUlhSXVrVWNMLXJRcjIyVUxmTjVOa3VsOEc3WU0zd2FIY21YSEhBTXpQUHZIRnQ5REgzcnFCS2pFNGk4NmtoNzhiTUFCV24zTjYyd2tPbXJERFBTZ3NkOGtTRUxlSk9YZkMxZVFpM3hyckIxX01fNWZEaVlLSWl6YnRqZw?oc=5,-0.2732,negative
2026-07-11T05:06:24.544925+00:00,Google News SpaceX,"Fri, 10 Jul 2026 16:18:00 GMT",An analyst with a rare sell rating on SpaceX stock outlines what would turn him more bullish - Business Insider,https://news.google.com/rss/articles/CBMingFBVV95cUxPcVQyWER0ZklqNlZSYmFZck4xQU81OXBQQU5oODNQOHRjcXRkVDVkakh2WEpnakZmWE0wdWlJWl9ONGdONTRkeHZBcThWdG8xejdRUEpoMTAtZnNsT2FaNUxReWZJSlp5VF9OaW9uMlhzeWpNa1Z3YmhrYUMtY1VCYUV2Q29YM2hQZXlScUduVGhyNEFFdmlaTUtaNEVGUQ?oc=5,0.0,neutral
2026-07-11T05:06:24.544925+00:00,Space.com,"Fri, 10 Jul 2026 16:13:48 +0000",SpaceX ignites all 33 powerful engines on Starship booster ahead of Flight 13 launch,https://www.space.com/space-exploration/launches-spacecraft/spacex-ignites-all-33-powerful-engines-on-starship-booster-test-ahead-of-flight-13-test-launch,0.4215,positive
2026-07-11T05:06:24.544925+00:00,Google News SpaceX,"Fri, 10 Jul 2026 16:13:48 GMT",SpaceX ignites all 33 powerful engines on Starship booster ahead of Flight 13 launch - Space,https://news.google.com/rss/articles/CBMi6gFBVV95cUxPel9mQXZDa1hSaFFRS2Q1el9RVnlnS0dMYVFuRGRyNERNOVRZWXJVVllLQnhzZ0RWaUxUSmY0N3VJWVFBQ0huZE1nVnZxS3NDS1BUZk41UlQyb3ZtMFhOeUR6M1ExaWRrMFNKVy15UnZBWUNZZGE4VmRSWjZOb2pRbXgyOHlmX1E5akdNZWw4dHJkLVF0WDJ1YXNjUjVkZXRUem5QUnFOeVF6Z2dHbzlBU3lQT282QXYyQ0ZEbmh4b2VzZ1lDaGdwdGc4Z2UtQ0ZrajF2TG9kc1g4alZiamM5b2tROTFkYzFvUGc?oc=5,0.4215,positive
2026-07-11T05:06:24.544925+00:00,Google News SpaceX,"Fri, 10 Jul 2026 16:12:59 GMT",Next Vandenberg rocket launch could light up the night sky. Watch live - Record Searchlight,https://news.google.com/rss/articles/CBMirAFBVV95cUxQcUZ1b2xhUEVOckU3UUVQYTlfMmZPVXF2MHloNXBOTWZWdlJSX1l0cFBCeVF3aGxodkk1aGJXZEVtbjJ1UHAtdExIU0lqRjN1cjk2YlVhRDJIWWlZb3RUTy1PNFRHcGJzbmZnckRrUEJXV3RYcU5salhvMkNVZkhEYUFvbmJrZUVlcXBSNXgyRVFlUHZIZE82Z2tFUmdoREllMjBsZUZ2QzhwWHVj?oc=5,0.0,neutral
2026-07-11T05:06:24.544925+00:00,Google News SpaceX,"Fri, 10 Jul 2026 16:10:50 GMT",Next Vandenberg rocket launch could light up the night sky. Watch live - Siskiyou Daily News,https://news.google.com/rss/articles/CBMitAFBVV95cUxPa3d4czQxbVgtbUpXTE05clFLUDdMdm9WV1lQVnpjd0tDZF95QnU2WFotdnRnYms4NjJCSGpBMlFpdnYyNWdoU25oeFRlYTAwRG5sLTJGdXhJS0xncExYMk14N2dpYmU0dTN2YVVOQ0w1alJCZ1VId3lDMG9aX0RQWEQyOER6NnNmc1QwallpN2lZYTM5OXRlZjRIVnJXRG9sakYwTGlnR010VlFXbW4yN2tGaVQ?oc=5,0.0,neutral
2026-07-11T05:06:24.544925+00:00,Google News SpaceX,"Fri, 10 Jul 2026 16:09:51 GMT","Crypto Brokerage CEO: “We’re Going Live Today With 24/7 Trading of Real U.S. Equities” Starting With Micron, SanDisk and SpaceX - 24/7 Wall St.",https://news.google.com/rss/articles/CBMi-AFBVV95cUxNaGR0enpWaTUxeElpaWp0bUJEUHdUTUZjMU9JR1RHSGxsNW5NYTdoaWNTQmZLdEhfMld5d0N2akxFNTQ2MHFWNGp4YWJ0cndMU0pacTVEeEp5Zml4Y1FjbFhQTU1kMDBsVS1OSDRfdXo4dWdNUTVVWkV2dW4xV1VLMHpYRUozcjFJN21pRVZzVko5YlNWb0lBU1dIUFBDenZCMjR6UnFzVW42X0FmWFB6Y2N3MVVzSlJ5Vk55SlVqMWlFN0dwRGdoM1JFc0VvWS0td2xTRGJWaS1mX21GN1ZUTzNzS2toTTNBVUxRZmk0Q21RRFhWbWE4bQ?oc=5,0.0,neutral
2026-07-11T05:06:24.544925+00:00,Google News Starship,"Fri, 10 Jul 2026 16:06:04 GMT",China successfully lands the first stage of a rocket in reusability demonstration - CBC,https://news.google.com/rss/articles/CBMif0FVX3lxTE51QzVwWmV0a0NLb18zSEF5Z2ZDZHdkb3VkaElmTnVpVzNtWngxd0pPU0RfNFNjWi1LU1gwcmhzU0hLMFM1VDRUNUVjSjhOczREbkI4UE44NVdXYmV4Wm9oQTJpRVpLcjB6b2pRamxXZHZ2eDRUZVI4a2dLWk1ubDA?oc=5,0.5574,positive
2026-07-11T10:23:29.516803+00:00,Google News SpaceX,"Fri, 10 Jul 2026 16:05:14 GMT",Next Vandenberg rocket launch could light up the night sky. Watch live - The Desert Sun,https://news.google.com/rss/articles/CBMirwFBVV95cUxOSS15OVlyYmxRUTNCdUV1UXMzdUtQMW9kMWUxbVNST084SndpOWxhWlVOVVhhYmVnUi15TG9OU0w2LUVnWGwyMTZraDMwX2tuX1BPcXRITHdqWG1GeXJsekpWVndrSlIzcGhzOVBJc0NPWnEydmthQmZvdFBOS2NNcXI4VzhZRGVRa0pTaVhLZXlDMGlFQzNuVThhRGlETFdMdGhSWWpoYXZ1cjdtRElZ?oc=5,0.0,neutral
2026-07-11T10:23:29.516803+00:00,Google News Starship,"Fri, 10 Jul 2026 16:04:18 GMT",Reports of shaking caused by static fire testing at Starbase - ValleyCentral.com,https://news.google.com/rss/articles/CBMisAFBVV95cUxPMFNBU2lJd241Wll5UEZkbUFad3RKZVoxcElldmgxWmtKMDIxWFotbjhodEc0UG9ySzdjYWpCZGJkc25RbXpyajQ5X2JLUlJqTVdLeUozY2xBblVQT29qYTB4VjN1V1hvQmJhZktwd0NBbnFVLWYwWmlBZEdHVy05MW1CSk1vZHRrMndqWkc1aU5EZVNWY0JiVndjVzhhZFZCcy1rUTh0VWN6cjBsNXZIOdIBsAFBVV95cUxPMFNBU2lJd241Wll5UEZkbUFad3RKZVoxcElldmgxWmtKMDIxWFotbjhodEc0UG9ySzdjYWpCZGJkc25RbXpyajQ5X2JLUlJqTVdLeUozY2xBblVQT29qYTB4VjN1V1hvQmJhZktwd0NBbnFVLWYwWmlBZEdHVy05MW1CSk1vZHRrMndqWkc1aU5EZVNWY0JiVndjVzhhZFZCcy1rUTh0VWN6cjBsNXZIOQ?oc=5,-0.4767,negative
2026-07-11T05:06:24.544925+00:00,Google News SpaceX,"Fri, 10 Jul 2026 16:00:00 GMT",Forget SpaceX: 2 AI Space Stocks to Buy and Hold Instead - The Motley Fool,https://news.google.com/rss/articles/CBMimAFBVV95cUxPN2stUE5rUy1Kc25mNmptLWt1Szh1QVgxRXV5akQxeGJXUU5QTUpKZVV2S1F0Rmk0dDgtLWxDWElNVXU3emczTXpqem41c2wwcU5uWWRvOThDQ0pqTkpwb1EyTnJxVnE0WGt5TkVXMExLd19KQkdMRlpXWGNzUm5QaGhXODVpaThaTXRidDl5bnZrMDlqaFN0VQ?oc=5,-0.5859,negative
2026-07-11T05:06:24.544925+00:00,Google News SpaceX,"Fri, 10 Jul 2026 15:44:48 GMT","China Is Catching Up With SpaceX Fast, Landing First Reusable Rocket Booster on Offshore Platform - Futurism",https://news.google.com/rss/articles/CBMidkFVX3lxTE1yelVCbk9ndEwyam9lUVVwM0Z5X0RfdmZEWUpzdkVhUVZDMnFGOUtnRVZSMG5JRFh5TndHWHJJdzFRamFhNDJpZER0cjB1c1RoOTVGS1NVUEtUSUF5YVVDcUE5bjJqVzZ5MHJrdDQ5VktEVUxTOVE?oc=5,0.0,neutral
2026-07-11T05:06:24.544925+00:00,Google News SpaceX,"Fri, 10 Jul 2026 15:39:40 GMT",Need Friday night plans? Catch tonight’s SpaceX launch from these SoCal spots - KTLA,https://news.google.com/rss/articles/CBMirgFBVV95cUxOUjc3ajlncjVXODd0OWRlZERGdDM5RlpMMmItNmt5eTFGRy15NWMzOXRqN3hGWkJpbUktbkl1VXNDWmJubGZOam1yekQ0YVFSbUxFS1VqNWtzb05faktadUhRRndTZzViWkhsYjFUX2xaejhuUmptMzZFU0d4ekNGMGhuLVFjTUZPVk1PN25KeGRuZFlOaEI3Q0NYeVFpRjhkTkprUjJGeXVDOF9EU0HSAbMBQVVfeXFMUENQV2FOTWF5M21kSlRtZEM1eWtIaGZ0bFFJQ1N3eHBvWENwS2d6YVdmMTVfNmxKTFV5aTZBTTliTWRsdUZyYWo1QmJEN2lfMHVBRUdxaWlLanBubHNKeFRyZnJadkpiRjJySnV5dk5oUndiUk1US1dRcG9UVFBreEpZbHV3eUdIRHF3U3c4QWJfZ0RJSktmX0piNmFSTXpJS1RBcVZLMlZtX0p3bTFDVnVoZ1U?oc=5,0.0,neutral
2026-07-11T05:06:24.544925+00:00,Google News SpaceX,"Fri, 10 Jul 2026 15:39:00 GMT",SpaceX Hit With Whistleblower Suit Over Paint Used on Rockets - Bloomberg Law News,https://news.google.com/rss/articles/CBMipAFBVV95cUxQVTdHUVpCbTk1MzVSRG9nLVlKb0VFSUhHOENtdktaeExXTTluamRMaGRLYTBFTmlSdEdrQlI3WUpObjZmbE9pcUMzX2VaR2hSb19ENWgwZFhDY0NOSHhLY0NHMi1XOWZqSkFFSzJuZmN3ZjJnME82OFJteER1dWlhbGFmSVV4QXBobDFFcUFsbFd5bFNYRThvR3lvTndRd2ZjeThXeA?oc=5,0.0,neutral
2026-07-11T05:06:24.544925+00:00,Google News SpaceX,"Fri, 10 Jul 2026 15:28:00 GMT","How OpenAI’s New GPT 5.6 Stacks Up Against SpaceX, Google, Anthropic - Barron's",https://news.google.com/rss/articles/CBMihwFBVV95cUxNcWZISUcyNUR2anhaVkl2a3dwQTN2cmd1dmx3bGJWci1iWGgyZVlEYWtMZ0pMbEx4SnF4eFNweXd4S3Frd0pvZ2QxangyS2lJQlZudnd3NmlTSUxTOE5hbjV4V0xwa29xd2Z5Wms1Q09UbWVoOF84QUhnQ3dKZ1V5aTJGT25jNjA?oc=5,0.0,neutral
2026-07-11T05:06:24.544925+00:00,Google News SpaceX,"Fri, 10 Jul 2026 15:20:00 GMT",Forget SpaceX: 2 AI Space Stocks to Buy and Hold Instead - Yahoo Finance,https://news.google.com/rss/articles/CBMikwFBVV95cUxQM3pzLUp5em1meF8tOXNJTFBOZ09wXzI5b01LSlFHQTR0RFF3RFIyWVBqVUNBLWNsWEFiU0ZXYTJaOHNnSVJPN1VTUjRIMklhNDBuN2RRTnFlQWpkeHp4azlacTlQMTJ0SjFTRXFUeGtMYzViajRXYUc2b01jeFNidk1ESy1yVGRtQ28zajNST1dYXzQ?oc=5,-0.2263,neutral
2026-07-11T05:06:24.544925+00:00,Google News SpaceX,"Fri, 10 Jul 2026 15:15:00 GMT",The space race is on as China takes a big step toward rivaling SpaceX - MarketWatch,https://news.google.com/rss/articles/CBMisgFBVV95cUxOUlZMcDdpcldDTVVzUnJ4Q3NXVGpWa3lVcVBJSDItcXRlREFEWUpWVVpYQVJEa1FOUGlmTUY0WUpZUm5OdnhPODlwSlhxdm5ZdWRYRDNxc19IUjBkNndGelBMcjZkanpWYWhwNUZpTWJjZnF4b18tMUtIeWhjOHd3QnZPOVlVcG1acHNYM2tFM0tpY1RwWTRmdmYxNFNtNWVaN0tHSF9tT2ZpeGJBbXZaa1hB?oc=5,0.0,neutral
2026-07-11T05:06:24.544925+00:00,Google News SpaceX,"Fri, 10 Jul 2026 14:57:00 GMT",Democratic Texas AG candidate claims $110m in grants for Elon Musk’s Starlink ‘sure looks’ like corruption - The Guardian,https://news.google.com/rss/articles/CBMiqAFBVV95cUxObXZ6cVVNWnpjUERQM3g2ZUw2dXJlbWRwcXhxZi1rN1JmQVpQUXZRaEZ5Uk5iM2ZiU29uZ2hvMUEzQUx0RWw5ckNFR1hVY0UzVUpLUWh6ZVlWQ0FHaS1BR2FiWEJKV2dWMDlVWXppdnpYWERCektiRElfc0VTTHBiTmNlUzhMM2NaUEhkMU81SHpxWUVwaWdlM2Y5d3R3aGZwQWlmNVBqWXk?oc=5,0.5267,positive
2026-07-11T05:06:24.544925+00:00,Google News SpaceX,"Fri, 10 Jul 2026 14:33:04 GMT","SpaceX files FCC application for 100,000 Gen3 Starlink satellites - Data Center Dynamics",https://news.google.com/rss/articles/CBMirAFBVV95cUxOTUZpQldLZE1rcWQxclFranBpRnE3ajhwa0tUQkV4VjFzM1A4VTRiMFMyZTV1bHNBTEdXX3p5T2tqRVBCbzBmdUxZT3V2MkJVNDJ3SHFWeXZPUkpleHdNd1FGcURtcHRiX214X3hPZnhnZnhaXzFHNkZpNmFCRDZlU3BGYVU5T180azVFcktJWkhLUlZfSjBOODZXeHRRc2pWaE5DdzRJOUFfRl9C?oc=5,0.2732,positive
2026-07-11T05:06:24.544925+00:00,Google News Starship,"Fri, 10 Jul 2026 14:26:00 GMT",SpaceX Stock Tracks Key Trends in Satellite Broadband and AI - TradingView,https://news.google.com/rss/articles/CBMitwFBVV95cUxOUGNPUTNFbWpUMFVwY2VjWFhid0w0LUlEUDJ1R1hoSk5CRWw3T0pvWEVWQjZMVE42d3ZRY1dYRVVYcWNnYUJIUHFHY2JJenFtYWtXZ2QyQVV3OG9nbERpVDVINHJjejFKVzdBQmFrR0dxN1Q0MVRfQmZfQzBHSXhLR19INXA0YkFPN2JvdVdkZ1RVZ3BjZVFfZFNWWFNpcGNuT0VqRmtreWU3U213bGRaVXl5Q2JDRm8?oc=5,0.0,neutral
2026-07-11T05:06:24.544925+00:00,Google News Starship,"Fri, 10 Jul 2026 14:25:00 GMT",Is SPCX Stock a Buy Now or Too Expensive for the Risk Ahead - TradingView,https://news.google.com/rss/articles/CBMitgFBVV95cUxQZ2ZEeWhhaUIzOUpJa3FrYzFvcVdubi1sRXN5cTQ3bnN4dE1KeFp6djd6MThkanVqTm1fX2M3T0YxTS04cEhQLUdxZS1IT0VHbnJxMDlza3FpRE10YTk3OFQ1ak5ZNHBOWnRUWlJZUGdkUHNDbjFuTER4bnNSMzdpajZuQ2NBR2RwdTBobzNiX1dUWkF5SDVNRTNNVGJOUUpxWXFDWXRoRHEwcWdUdUdNY201QXpzZw?oc=5,-0.2732,negative
2026-07-11T05:06:24.544925+00:00,Google News SpaceX,"Fri, 10 Jul 2026 14:20:40 GMT","Bezos Is Raising $10 Billion for His Rocket Company, After SpaceX Made Musk A Trillionaire - 24/7 Wall St.",https://news.google.com/rss/articles/CBMizAFBVV95cUxOa3JTS3FCNHUxVnBKempycnp4OVdDdVNZUDE5OUFaTW9nTlJBU2FqY2xZeHA5eUQxbkNSVmhleEpXelhOcG5oeExhWDNvcW0tVS16MFM4XzkxXzBrTGI2eFR2MGRLelJuNUFlcHVXZzVSbGZqd29xT2JYd3F2WU9ScTQ0X18xNmNGMC0tM0plc2hsam1aSWVOcG9Ib1VRMDAtd0NsOGJQX0ZaSDZMbXN6VjIzS3lkcEI5TWx2WDdYcWtGUWZmdmlEQTUwSjk?oc=5,0.0,neutral
2026-07-11T05:06:24.544925+00:00,Google News Starship,"Fri, 10 Jul 2026 14:16:00 GMT",SpaceX Stock Outlook Hinges on Starlink Scale and Starship Risk - TradingView,https://news.google.com/rss/articles/CBMiuwFBVV95cUxOVGUxUFlSSTFvald4UWJ1b2VSdmU5ZlBjUDgzN0txUUt0MGRCQktOdTE5c1FyaDhTRkR0VEhhcndSV21Ba3Z5UWpJOGRiSDVGZGhNX3VBQjRieE1fbm16dXdISmE4Slp1ekpZZGRmOUtCTjl4MDJMRzlDZklvSjZna2syMWUyYjFobHdMR3ROVGNObExCdEJuZnRWUk9CdmZzUkNhZFprZ1RTeGV1Y0RXakFEYVBBWkcyQ0xN?oc=5,-0.2732,negative
2026-07-11T05:06:24.544925+00:00,Google News SpaceX,"Fri, 10 Jul 2026 14:15:59 GMT",SpaceX Brands Data Center Satellites As Starmind - Aviation Week,https://news.google.com/rss/articles/CBMimAFBVV95cUxQbnVQbDNRa2Fnc1lLSmZkbFJfdzVUUGVQa2otdlpMWktIUW44S3FfZjZlWC1QeVJ6VWpSVlBOa1A2VHJVTmtXSW1FUFpxWnBXU2FZa3B4azB2aDdyZDczZUZTNlJoMmlhZlV1TkJONTB1Z1hPeHdqTmlMdHpZN1lzdWpGUWlyVHgyZlFwZnQ2SFhNTC1ycFh0bg?oc=5,0.0,neutral
2026-07-11T05:06:24.544925+00:00,SpaceNews,"Fri, 10 Jul 2026 14:05:00 +0000",The space industry is weighing ambitious hiring against heritage,https://spacenews.com/the-space-industry-is-weighing-ambitious-hiring-against-heritage/,0.4767,positive
2026-07-11T05:06:24.544925+00:00,Space.com,"Fri, 10 Jul 2026 14:00:00 +0000","SpaceX launch creates colorful 'jellyfish' in the night sky | Space photo of the day for July 10, 2026",https://www.space.com/space-exploration/spacex-launch-creates-colorful-jellyfish-in-the-night-sky-space-photo-of-the-day-for-july-10-2026,0.2732,positive
2026-07-11T05:06:24.544925+00:00,Google News SpaceX,"Fri, 10 Jul 2026 14:00:00 GMT","SpaceX launch creates colorful 'jellyfish' in the night sky | Space photo of the day for July 10, 2026 - Space",https://news.google.com/rss/articles/CBMi0wFBVV95cUxNOW9NQk5qaHc2VFVrekFIdGNoaWt3TlltazJEZEY1SGtHRFBCMllkNV9HVzc5X3JsNzV0NkJqUFZldWE4ZzBlWk5tb010N1V6azZteG9XZUc0ODB6Y1VXekkwckhJcDJ4bl9jTm5DLTRWSFZlbHlfbGl6b0F2blZrRGZiOE90NGota3dKTUFUR081ZThKejVXUnF6MnpCS1JhemJLSWZnRVcxM0pfV3JNclc3eTBVN0xvX1ZoeEY0TDNlTVNoaEN6aVVfeGFIS2Z0VmRZ?oc=5,0.2732,positive
2026-07-11T05:06:24.544925+00:00,Google News Starship,"Fri, 10 Jul 2026 13:59:01 GMT","Firefly Aerospace (FLY), SSC Space Reach Launch Complex 3C Milestones - Yahoo! Finance Canada",https://news.google.com/rss/articles/CBMihwFBVV95cUxQMnBUU1hyZTFFbmZvNWpvdEJDZzZyVG41TlpyNDhjS0lGZEJTWDFZNUI1NmNHZjlxVFg1cjl0eGUzTzFfNnlrNGhFVTYweW5wT1VfY3k5NXNnTGxWRWJoOUIyazNFS2JBYVZ6akNaVUpzbVh0X0dIVndSazRTb0Z6V3pPMU5Ma28?oc=5,0.1007,neutral
2026-07-11T10:23:29.516803+00:00,Google News SpaceX,"Fri, 10 Jul 2026 13:54:00 GMT",China takes a page from SpaceX and recaptures the first stage of a rocket to reuse it - AP News,https://news.google.com/rss/articles/CBMijAFBVV95cUxOX0dWYzJmUnQxUFJvdXlQNHJmLXFFc2d4YzFzbFFNSEFDMVVmV21kZFR2MV9aYlpkTjdGMUxGVm1FUmVNN0t3Tlp6WmxmX3dvV19xdG1iYWxBS3FSWTA1cGJPeHA3cFhTX3pWRGVvWndmNl9LTDcwZXY1TFhEU1FKNkI1aFJmMnBoMFFseA?oc=5,0.0,neutral
2026-07-11T05:06:24.544925+00:00,Google News SpaceX,"Fri, 10 Jul 2026 13:37:11 GMT","A Month After SpaceX IPO, Tesla’s Stock Keeps Holding Its Ground - Bloomberg.com",https://news.google.com/rss/articles/CBMitAFBVV95cUxOOENYaVZ2S0I1a3czekFFLUw5S1VsQWFlN0RReGlnR2tJSWIzTXEweGpkNjB4YW9qRC1EZGVELU1uaFBSbG85RnpzYjJ6VmRhTEQ1RVFkd2cwMEx2MjdySkQwWmRFZUlrTVk0bmdPZUVyWHU5VFQ2VURuQURfR09ISEpxdTd4UEY1eDc5cHQyWjEydTdETE1nMnQtaFFmVWg2NG52X05tSk5QSGhrZnVDNnluMzU?oc=5,0.0,neutral
2026-07-11T05:06:24.544925+00:00,Google News Starship,"Fri, 10 Jul 2026 13:30:30 GMT","SpaceX's near-term AI payoff seen tethered to Earth, not outer space - The Standard (HK)",https://news.google.com/rss/articles/CBMiwAFBVV95cUxPYW12VWdJcjREV1RGTk1ydjhWMGVyYThiOFJXT0RBbzJ1YUR3ano2cDlYcUFQWGN2NkZBbkt4bjlLREVDcGUyUEFZTHdUZWlZcEpUYjU1eXRuck5vSUEyUHpodGJocU16Vnc0T3FPRGtFcFJNWW5zX3c0R19SUTg2OGFuVkhuWDFzQXlTeVJnaEtIZ0xiTmZzdUxxcHdRZlVwVUNmZVo2ZHR2NFhycE5JakxrMU4yOWFoMHhRdDRWNlU?oc=5,0.0,neutral
2026-07-11T05:06:24.544925+00:00,Google News SpaceX,"Fri, 10 Jul 2026 13:26:56 GMT","SpaceX's near-term AI payoff seen tethered to Earth, not outer space - Reuters",https://news.google.com/rss/articles/CBMiqwFBVV95cUxQUWpsRnIya2JuUDVDWlg1eFN4Zk5ZVUE5UWtMY3ZTTlRzTGtVellDRVZZWXNEeldhQW9UOEg2Mlo3bGVOQWlaeEV2QVhOUlBfMmJkdTlvdUxRdVl1Vks4WFdaTXRMaVJ5Y3d5TDNFeFgxWU0xZTRTMXlwS1hUME1zT3lWWE5mLWVsTk1mUzc3VHEyU2NOSUZTLVBEVWNhV3oxV3Vpdkx4cUFxbjA?oc=5,0.0,neutral
2026-07-11T05:06:24.544925+00:00,Google News SpaceX,"Fri, 10 Jul 2026 13:10:17 GMT",This nighttime rocket launch today may light up California skies - Ventura County Star,https://news.google.com/rss/articles/CBMiugFBVV95cUxPX2RidFdncnZ4aGtHcVZhbFVuMnhfR0IzcFdlTUY0T2VQdFUzSFBFemZWcmVxalhrdmpPRnA1S0pXbERwRWxUc2hEZXUxZjR6em9CbDBtVGdvNk40ZE5IQktPVlprX3lVa3ptZ05adXhHY3RRQ3FmVFNwamZWb0dtZ2htRG8zZTVqaHRSeWIxMXVobDlkSldfZEQ2YUZVdG9YWkRjUUg2TXJHYUczS195cXlVTVhvRHdQU1E?oc=5,0.0,neutral
2026-07-11T05:06:24.544925+00:00,SpaceNews,"Fri, 10 Jul 2026 13:00:00 +0000",Space capitalism needs more than a bull market,https://spacenews.com/space-capitalism-needs-more-than-a-bull-market/,0.0,neutral
2026-07-11T05:06:24.544925+00:00,Google News SpaceX,"Fri, 10 Jul 2026 13:00:00 GMT","Latham Poaches Davis Polk Capital Markets Pair, SpaceX IPO Lead - Bloomberg Law News",https://news.google.com/rss/articles/CBMitAFBVV95cUxPek9PTmtwdWsyM01UMjFwckJMXy1QdC12RUlIWG91eDJvX0RlY24xRGtCNDVSU3F4Z1JrRzc4Y2NPVFNGRHdaZjNqQ09yaGRIVHBrLWJjYm9aUnZBZVZLMVRkbXhhcTNXekN1ZHRNSVJOUXBtNTBXUnJObllLOUsyR2xTS0d3SG9obTdfN0FtMzVOWlByQ0NKS0dDUGs2SEJkZ2xnYnA1U3I1bllxNUxjZFU1SmU?oc=5,0.0,neutral
2026-07-11T10:23:29.516803+00:00,Google News SpaceX,"Fri, 10 Jul 2026 12:55:24 GMT",China takes a page from SpaceX and recaptures the first stage of a rocket - NBC News,https://news.google.com/rss/articles/CBMipAFBVV95cUxQQnUyMWlEeGhtMl9Mc01xRTNBWFRMTlVDT3c0OThPX1FIOUJMTlFDZjV3UDVWLVdwVFVhTDhNZEJzOUFmc1FTbVpubnc0ZkR1a3o4am5KRlh1Q1p2a3M2Si1FekJhZGxKWHpGVTR2MlJJclV6WnRGS2JSNFh3QWFQRm0zYkdkRWFXUVl1SDRYZEJRUXZrS3Rtbk5BZ2o1NDB2YnotYQ?oc=5,0.0,neutral
2026-07-11T05:06:24.544925+00:00,Google News Starship,"Fri, 10 Jul 2026 12:54:11 GMT",US Government Studying Offshore Launch Opportunities - Payload Space,https://news.google.com/rss/articles/CBMihAFBVV95cUxOazZZVU5DTTVfMUV1YUwwcEFKTkRwTFhTV0JodHZZTzJpRmhDMGlqNEllM3BocGstRUluejNfU0REOG5WUHpwdS1VWlRMWVFuRS1FS2tkWWNEajN2ZG5rTWlOR0VDRERoWVZNX3BPSHdNSzJ5MkQ4VlhRamVsN281RkhlYlI?oc=5,0.3818,positive
2026-07-11T05:06:24.544925+00:00,Google News SpaceX,"Fri, 10 Jul 2026 12:52:00 GMT",Elon Musk's Space X faces challenge in China's reusable rocket - Newsweek,https://news.google.com/rss/articles/CBMinwFBVV95cUxNbkwwVmNVbGl6MHFET3htU0RjbFhGem83XzE4VTBlSk5sY1ZvSDdrM3lNT21ydDVKcFcwaDJHZ3QzelVNWnBlcDA0YUs3V1JtS1R3b25ROWlrOUFWSXQ5WGx2Q3pKZGpQYlBveHBwRzAyUWhYU183Y1ZFTVVhcWJ4V3dxWU5yRy1LbnZLeHptaGM0OTFkc2U1T0hPS0lDUG8?oc=5,0.0772,neutral
2026-07-11T10:23:29.516803+00:00,Google News SpaceX,"Fri, 10 Jul 2026 12:47:00 GMT",SpaceX and AI startup wealth fuels demand for private jets - The Guardian,https://news.google.com/rss/articles/CBMihAFBVV95cUxQNTE4Z1hOeUVrd3IyaEZXYjJzQXJUaGF2U0IzbnJIdHduc0J4RFRiSW83a1Q5NUhPcGZSN1ZxcG9hcjFVTUZpMmpkOFdteGQ0d0EwWmIwcnpFOFI2eVBZemhfc1pDTXRGQVZIY0lpRjVQNHhmTC1fRnhKVlkwcmluZHdRYXY?oc=5,0.4019,positive
2026-07-11T05:06:24.544925+00:00,Google News SpaceX,"Fri, 10 Jul 2026 12:26:22 GMT",SpaceX Stock Slides As Debt Markets Flash Warning Signs - Forbes,https://news.google.com/rss/articles/CBMiqAFBVV95cUxNLWJwcjVjUUdGbjhyNG40UDM1YTBJYUxGYVgwSFJfbWp2MW9IVG9Ya3c4NHdFV19TQTIzYXh0NEZESnk5SWJoZUhqdFhHZVZROENaMXhuUjZrQkdqN2FfUzRwcGY2ZVltYU03TUhZR0diNEV0M2JSVW9xcVhzYmxYQXllQnNmb2VBYVRnZ1UyeVpCRE9jSkw1V2FrLUZSOERBSU5uNmEtRUk?oc=5,-0.5994,negative
2026-07-11T05:06:24.544925+00:00,Google News SpaceX,"Fri, 10 Jul 2026 12:22:59 GMT","Here are Friday's biggest analyst calls: Nvidia, SpaceX, Toll, Shopify, Twilio, Seagate, Chipotle & more - CNBC",https://news.google.com/rss/articles/CBMiqwFBVV95cUxNRDNMWDRFUE1YcXNEWS1la29WNzAwa0RRR1dSZkJxZThEWG14OFlGSFVLbnl0Z0FiZUQ0TTNTNzY3ZVVxRlVZaUJ4U1ZRdlcwVFdoQ2RVZVgydUppcGZoSDlaX211aFVrbktLa2dWZTZlWXl1WTA4UEt4N3JLSmV3UkRRNHE2cWtnRmJKeHQxYkFkNzVxM3JMM2hTTFNPVkl3aDZ5alU1RTNjUW8?oc=5,0.0,neutral
2026-07-11T05:06:24.544925+00:00,Google News SpaceX,"Fri, 10 Jul 2026 12:01:00 GMT",Will a rocket launch tonight be visible in Arizona? What to know - azcentral.com and The Arizona Republic,https://news.google.com/rss/articles/CBMivAFBVV95cUxPR0h0alNzS0p4blRMQUJmS0JDWTJzU3JnVWdGZGpBa1AzVmhES0d5Y014aUpYa0l2T3hnT1B2QllzajFWX1lSbmI1WGNpbmhJQXloOGNSWHdwNGlnZFA4bmxNWERfbkpXUG1PNnJVVGJGbEFNWlI0NlU4VnVtc1EzLU9HUTU5c1hnYkpaVlgyLXQyOGk3OW5HblRiMHNicjhQZjFrcnBfam5RUUo4cTFZTVdfdDk4dkRsWnAwcg?oc=5,0.0,neutral
2026-07-11T05:06:24.544925+00:00,Google News SpaceX,"Fri, 10 Jul 2026 12:00:42 GMT",Echostar Bulls Say It Offers Traders Discounted SpaceX Exposure - Bloomberg.com,https://news.google.com/rss/articles/CBMitAFBVV95cUxNQVRVWlAzRjQ4eUFkNXNadW9TZXUyZjVXd1N1N0E3dWxlQWFBUUZyWFBQNjM3cVN1TEd4VVVLQTNabi1wN3FFSEVqTFZjT2RpVTlwd2FVd2E3Y0FxVy0zaU5xdXB5a2pFSnlEbFlndnEwTEFXSWo1UXplZWVMMm1FM3NZV2Q4eGltWktvNmdmUTFQZG9PM0NsTG9mMV9ELXQ3cmZLSEozOFRfNFdQamwzU0JBWjY?oc=5,0.0516,neutral
2026-07-11T05:06:24.544925+00:00,Google News SpaceX,"Fri, 10 Jul 2026 11:31:00 GMT",Will the SK Hynix IPO Repeat the SpaceX Pattern? - TheStreet Pro,https://news.google.com/rss/articles/CBMihgFBVV95cUxOUFhjV2lmWFhNWEd0dTUzY0h6blNRU0dJNU43UF9pX0lqOUhYM0VNVGxaNzRmUEhGTEhHeDVRTHBCX19ZTXcwZ0FaeElPYmZ3c192Y19SMlBQRjd2YllRakNjUk56bFhWU2daYjM1NHFrZHV4RXd1X2xrVEJySzQ1b203Zmd4dw?oc=5,0.0,neutral
2026-07-11T05:06:24.544925+00:00,Google News SpaceX,"Fri, 10 Jul 2026 11:30:25 GMT",Watch a Port Orange view of SpaceX rocket launch from Cape Canaveral - Daytona Beach News-Journal,https://news.google.com/rss/articles/CBMixgFBVV95cUxOSE9MeG8ySXlFN2hpVklZSlJjMkF2cW1CMW9GOFZDZGlhbGdsaFg2cTNGUVBWMDh3NnNuVElBOFlZRVMtTXdUWVhzS0VXengwdlR4U1ZkSlZtVWZuUjhvZzhYcXBVTmZOY0xLQjlHNHNIT0tiMjFFbldNdnZRRDF3WC13aGNLdUItelhnRDkwU2tPMVhJemNqbjBLcnR3YUNKcTdaa09OYnBEaW1uQU91c0plMVJ2dVI0WUNIdjAwY1c5aVc2VVE?oc=5,0.0,neutral
2026-07-11T05:06:24.544925+00:00,Google News SpaceX,"Fri, 10 Jul 2026 11:27:00 GMT",How SpaceX Stock Can Hit $900 - Barron's,https://news.google.com/rss/articles/CBMigAFBVV95cUxPc3FZak11WUJ3ZDZQbFlYaHFjLWg0NTZ4M3JrMTJDcElSOGc4bTJBNmhNM0JzempkaWU1VGlJazdvRUlFZVFlME4yXzBMc2w5RjJpZ3RJSExkZ2dPaW1rcFc2T0x5MUttLUZJemxMNXMzY2lTcTJXblRHMTBSSmpJaw?oc=5,0.0,neutral
2026-07-11T05:06:24.544925+00:00,SpaceNews,"Fri, 10 Jul 2026 11:25:14 +0000",ElevationSpace advances work on commercial reentry vehicle,https://spacenews.com/elevationspace-advances-work-on-commercial-reentry-vehicle/,0.0,neutral
2026-07-11T05:06:24.544925+00:00,Google News SpaceX,"Fri, 10 Jul 2026 11:23:00 GMT","Watch China land a reusable rocket for the first time, a new challenge for Elon Musk's SpaceX - Business Insider",https://news.google.com/rss/articles/CBMikwFBVV95cUxPdldfWmxraU1oZ0dIM2RuY2NXQ0dZaGlqWWp0bGtxb254QWtJdlBkY0I3NC1YQXZqc3Vad0NIOHZUU0NwbzRnRnpZa3NESTVmRUpsZDJIcW9NZExTQ1RwdGxFVVdCcGlWM3RDanRkcFRNNlhCdEdBT1ZwVFhtblVWNEgyWWc0Y2lWRld3RTVyR1lJODA?oc=5,0.0772,neutral
2026-07-11T05:06:24.544925+00:00,Google News Starship,"Fri, 10 Jul 2026 10:33:51 GMT",SpaceX Plans to Build a Natural Gas Pipeline to Fuel Its Rockets. Here's What Energy Investors Need to Know. - AOL.com,https://news.google.com/rss/articles/CBMif0FVX3lxTFBJU3lNZmpER2lLd3N0ODVudzRScm1hODJBUS1pV1dGRlNhdWsyV2Y1Y3lrMVVBcEI0NUdYWTJOM1Y4ZEpZWUliZVlSRC03RDFaSVUzUFZlRWtUdWNmWUZ3STZSblVjeU1kc05ZT19XNUtQbFRZNGFMVHNEblJKTEk?oc=5,0.5574,positive
2026-07-11T05:06:24.544925+00:00,Google News SpaceX,"Fri, 10 Jul 2026 10:10:35 GMT",Jeremy Grantham on SpaceX: It Will Be Amazing If It Doesn’t Collapse - Morningstar,https://news.google.com/rss/articles/CBMiqwFBVV95cUxPUzhsVktvZm5wVERmMWhhYWxKT19ieXN1MEwzMlJaOWpHV2lEakdaMXVnRU1EZ1FqaFVkTUhzTGk0MkYyOVc2b2FuZnQ3MXFCSVJ1WF82Mi0zTERIaHFIU2p5WFBjS3VVTFJrejlIcWJ6aDVXV3JhRk5nd0Z6QjlSOXJfYU9tOUtKeEhldl9VVU5XWjdaamdscGNBRjJlYjJzNTluMllSQWFhT3c?oc=5,0.1531,neutral
2026-07-11T05:06:24.544925+00:00,Google News SpaceX,"Fri, 10 Jul 2026 09:31:59 GMT","China takes a page from SpaceX and recaptures the first stage of a rocket to reuse it - ABC News - Breaking News, Latest News and Videos",https://news.google.com/rss/articles/CBMipwFBVV95cUxPSjdkNG1UajBBbDUyazVPR1BRNUtMR3hLeG1XQlhWWG94WEhrRXQzeWt5N3U5bmdSU1RaRHk4YjA0QlVETVkwZ0NrdTRRU055YVRRU1E5bUR2R3RkdGs3Q19jQUloT1RtZDF0WVpoU1pWbUdDQ0JVRnY4ZXI5dHpVZUxmZmJGb2V6cmJwbVhqTUx5UEVmd2hlVlFheTZIaEVQY2dHRW1JNNIBrAFBVV95cUxQNVRSb2dzZUpuUVB0UWcyQ3k2aUxHUEstbmI0RDZJaWppbEFfTFFOVTJRYWlWZmEteFV5TTlvbzRLLTI5RHdBdG8xSERHRzRNRlZFWWxLdkl4NVpnMlBpSERBd28yUzJBNm9abm8xV1RsaWVfNFd0RFZYM2ZReWdaVHVnTTBaNXFnWHZmN0E2RUNlNld6UTVZa29tdTZJQnAxMG45TXZ5MEZXTVJn?oc=5,0.0,neutral
2026-07-11T05:06:24.544925+00:00,Bing News SpaceX,"Fri, 10 Jul 2026 09:13:48 GMT",SpaceX ignites all 33 powerful engines on Starship booster ahead of Flight 13 launch,http://www.bing.com/news/apiclick.aspx?ref=FexRss&aid=&tid=6a51cf5078a2416686687e27a923ebfa&url=https%3a%2f%2fwww.msn.com%2fen-us%2fnews%2ftechnology%2fspacex-ignites-all-33-powerful-engines-on-starship-booster-ahead-of-flight-13-launch%2far-AA27ENY9&c=4747243453810425774&mkt=en-us,0.4215,positive
2026-07-11T05:06:24.544925+00:00,Google News Starship,"Fri, 10 Jul 2026 09:06:01 GMT",B1067 Sets 36-Flight Booster Record on Starlink 10-42 - KeepTrack,https://news.google.com/rss/articles/CBMiZ0FVX3lxTE5wUk1vMEdqOXd4S2dCWXNyV1ozMXZETW5PdDdUODA3Wi1YbG4xYks1enRSZ21wc1N4RVNneTJFTlF0RFp6QXo0M3BFMW11UHhzTjI2bGF4MkVCOHlWVTFtOVY2MHNnT1E?oc=5,0.0,neutral
2026-07-11T05:06:24.544925+00:00,Google News SpaceX,"Fri, 10 Jul 2026 09:00:41 GMT",Texas Democrat vows to investigate Musk’s SpaceX if elected attorney general - NBC News,https://news.google.com/rss/articles/CBMiuwFBVV95cUxOMEs0ekJuQjZsbmR0dW8wcGxlbnViUFozOWhVekVsaldueTRJQ2s5UWNFeXh0eXRBSlJpWVkwN3NIenpUMlZ0TlRNUHNFSk9YSDFITFk5eW1MalBIZWwwUU1jZzB4YUhUTXF0RzYxSXZ2M0lZYmZFSFBPR0NFbGlVRkFyT0VzbVhLUW8tby1Nemt0RWtGTDduYlhvb3d3MkxrelVtSkRVZE5QMmN6LXFRcjREOVpfajFjVTBz?oc=5,0.0,neutral
2026-07-11T05:06:24.544925+00:00,Google News SpaceX,"Fri, 10 Jul 2026 09:00:33 GMT","Elon Musk Bets SpaceX Will Outvalue Earth, SPCX Says Not Yet - Yahoo Finance",https://news.google.com/rss/articles/CBMimwFBVV95cUxQSmtXSTd0RUpidEU5Z0V3RjFHR1VnbEpTQTBfSDNmVHpMVHFOR2xLUDVGM3RmTGlzd3JXeFV3bVE5Sml6N1ZzWFpCdWl6NlluUnUwUGdlc3JjR2hQNll2YjZrbFZKVkYyN2ZDYWlmdFN3TWlyV091emJtejVYNGs5blI0WFprYWQ4NDh3ZTN2MXRUMmhlcEkzeWNLVQ?oc=5,0.0,neutral
2026-07-11T05:06:24.544925+00:00,Bing News SpaceX,"Fri, 10 Jul 2026 08:30:00 GMT",Musk Ignores China’s Rocket Success as SpaceX Faces Challenge,http://www.bing.com/news/apiclick.aspx?ref=FexRss&aid=&tid=6a51cf5078a2416686687e27a923ebfa&url=https%3a%2f%2fwww.newsweek.com%2fchina-becomes-second-country-after-us-to-recover-reusable-rocket-12180846&c=16054859037495182820&mkt=en-us,0.4404,positive
2026-07-11T05:06:24.544925+00:00,Google News Starship,"Fri, 10 Jul 2026 08:16:19 GMT",China nails first reusable rocket booster landing in dazzling sea catch - Gulf News,https://news.google.com/rss/articles/CBMitgFBVV95cUxOejJOTWFKOHVBam9tdDQxRHZRZUNEXzFkT2x6aTVvUElwMjZQV2owT2RzYTFPYW9EaU5GZ2t4TlRQTFJ1VHVGei1mZW9MUVJSQTR3V1lVQnlaM1lFME51UVFrXzdybmZXMDVJT1NjWlRnUW9pRVlXT1FxcDdXU1NBWTlzbzRrOVRqUThVMWtvTFJGeGNfUFJodlhxNDd4RlBzek1oREZheGdTbUdRaGJMMTlSVWJwZw?oc=5,0.0,neutral
2026-07-11T05:06:24.544925+00:00,Google News SpaceX,"Fri, 10 Jul 2026 08:05:00 GMT",SpaceX Stock Just Made This Startling Move. Stock to Avoid or No-Brainer Buying Opportunity? - Yahoo Finance,https://news.google.com/rss/articles/CBMingFBVV95cUxQQ0hfS2VlNno5S05hWlZ0cmZISU5ZdjgzVkJsalpFdk1ocVN4Nmo1Yml2MFhBNjF2S1YxRVhWaHRuVHZkR2kxRUktM1hsV3oxUUtSQmtUTzRuUFNMVklnRGRpYVhEV0FpbXVxWmN5Nnp4OEF0OHZKeXRsbjFaTU43Yjl2cFFvSlBEVExUdUtVRFZYa2lTLWhNZkpvWDdjdw?oc=5,0.2441,neutral
2026-07-11T05:06:24.544925+00:00,Google News SpaceX,"Fri, 10 Jul 2026 07:39:12 GMT","China Launches Reusable Rocket, Clearing a Key Hurdle in Race With SpaceX - The New York Times",https://news.google.com/rss/articles/CBMilwFBVV95cUxQMENReDBqTkx3ZjJkU3pDU255YlBUTm1xczV2MkhjRmJtdFQzNjJjQ3RIc0ppSGFNTGVzUlZ3VkhsbzJKY1ZjallmZU12ZG9HYmxQakNSZEJCbTRPalVEV3VXRkZKWGEwY3Q5ckVYaXpHMl9BYzZWdG96VWdoLXhJTW1aOXVhajhjUEwwZkpkUVlWTENHWHBZ?oc=5,0.0,neutral
2026-07-11T05:06:24.544925+00:00,Google News Starship,"Fri, 10 Jul 2026 07:31:52 GMT","Elon Musk Plans Moon Construction in 2026, Eyes Mars Settlement by 2045–2055 - Lapaas Voice",https://news.google.com/rss/articles/CBMiowFBVV95cUxNMHZiaWY5QnU0MWsydzBfdGxFdHM3NkRhTEtCOUQ3bE5pbmdkcUQ1eE9Jb3ZScWp0T0ZZZzJORS1vb0xBNG5RTmJic3V6TGttQ0hCZGdCLXU5RnN4RXZRSmExMWNYWl9rQV83Szg2b1o0TEZkYTlZQWhpOUp2cTRvQUpOSmFtcjdyMkN2eHdHSGhXTmF1dG1CVGJaMnBwX2tHTUsw?oc=5,0.0,neutral
2026-07-11T05:06:24.544925+00:00,Bing News SpaceX,"Fri, 10 Jul 2026 07:24:49 GMT",China joins SpaceX-style rocket reuse race with dramatic sea recovery,http://www.bing.com/news/apiclick.aspx?ref=FexRss&aid=&tid=6a51cf5078a2416686687e27a923ebfa&url=https%3a%2f%2fwww.msn.com%2fen-us%2ftravel%2fnews%2fchina-joins-spacex-style-rocket-reuse-race-with-dramatic-sea-recovery%2far-AA27Egq2&c=3789488033900833764&mkt=en-us,0.0,neutral
2026-07-11T05:06:24.544925+00:00,Google News Starship,"Fri, 10 Jul 2026 07:18:19 GMT",Bonnie Tyler - It's A Heartache (LABACK Remix) (Summer Version) | Visuals Video. Spacex Starship Launch (T89h2mWu40) - Mshale,https://news.google.com/rss/articles/CBMiW0FVX3lxTE1kbGhma09ndVRzYlpaVDZjMXhRb0RkdjNNcmcwRklRc3BMRzZzRm13Z3dJNFg5dmJIR1poNWJGemhwVXZoTUphOEl3dlluQTVLVHdmXzFVTE54OVE?oc=5,0.0,neutral
2026-07-11T05:06:24.544925+00:00,Google News Starship,"Fri, 10 Jul 2026 06:55:44 GMT",Making history! China lands rocket during an orbital launch for 1st time ever (video) - Space,https://news.google.com/rss/articles/CBMi0gFBVV95cUxOb1RuQ0JIVVgtUnl6QnpFTmxlSGRaWFFtOVRRMDVtUzlvd011ekN5ejhFTTJGaV9oQkFOY1J6eGRxTFRhbnczM2dza00zSExaUEpnb05wY055bmZ6MnlNNEl5eUFkRVZMWDg0eFZ5OGNuLUxFaGNpSzN6LWIyQlM0S1dETzNMeXR1Yy14RnZmMjZ2Z241SkdlMWNYZ0ROMXg5dGZrQVdNaUNVdkd2UXBJaF82Y3U4bzdudEdJNkJSMERtaE1lb1VqOWlJNGw1SUpxNUE?oc=5,0.0,neutral
2026-07-11T05:06:24.544925+00:00,Google News Starship,"Fri, 10 Jul 2026 05:44:23 GMT","SpaceX Could Be Worth More Than Earth, Says Elon Musk - Lapaas Voice",https://news.google.com/rss/articles/CBMihAFBVV95cUxPN0kwUFZ2UXFEd3BFQW41Q09JRlIxTHpBQnAtR0VFTHZ6OW9JWEVJaDZwSU91RFN5OVVuZGhqZFVuMGhieHEwdnc5N0xYYXFDMEFoZUpuUGdwSGJHcWJORW5OSzN1b0lPY3JiYjJ3N0VOams1NXRwSnY0d0swdWdwdXlhOEI?oc=5,0.2263,neutral
2026-07-11T05:06:24.544925+00:00,Bing News SpaceX,"Fri, 10 Jul 2026 03:27:00 GMT",Texas Democrat vows to investigate Musk’s SpaceX if elected attorney general,http://www.bing.com/news/apiclick.aspx?ref=FexRss&aid=&tid=6a51cf5078a2416686687e27a923ebfa&url=https%3a%2f%2fwww.nbcnews.com%2ftech%2felon-musk%2ftexas-democrat-election-investigate-elon-musk-spacex-attorney-general-rcna353652&c=15633461541865485762&mkt=en-us,0.0,neutral
2026-07-11T05:06:24.544925+00:00,SpaceNews,"Thu, 09 Jul 2026 19:39:42 +0000",Environmental groups urge FCC to pause orbital data center applications,https://spacenews.com/environmental-groups-seek-fcc-pause-on-orbital-data-center-constellations/,0.0,neutral
2026-07-11T05:06:24.544925+00:00,Space.com,"Thu, 09 Jul 2026 19:28:45 +0000","SpaceX wants to launch 100,000 Starlink satellites to orbit",https://www.space.com/space-exploration/satellites/spacex-wants-to-launch-100-000-starlink-satellites-to-orbit,0.0,neutral
2026-07-11T05:06:24.544925+00:00,SpaceNews,"Thu, 09 Jul 2026 15:00:00 +0000",Volatility is often the price of ambition,https://spacenews.com/volatility-is-often-the-price-of-ambition/,0.0,neutral
2026-07-11T05:06:24.544925+00:00,CNBC Tech,"Thu, 09 Jul 2026 12:16:20 GMT","Oil prices, PepsiCo earnings, SpaceX's rough ride and more in Morning Squawk",https://www.cnbc.com/2026/07/09/5-things-to-know-before-the-stock-market-opens.html,0.0,neutral
2026-07-11T05:06:24.544925+00:00,The Verge Space,2026-07-09T07:51:31-04:00,Starlink deployments on record pace,https://www.theverge.com/news/963196/spacex-is-on-track-for-record-setting-starlink-deployments,0.0,neutral
2026-07-11T05:06:24.544925+00:00,Bing News SpaceX,"Thu, 09 Jul 2026 06:55:00 GMT",Elon Musk says he always wanted his SpaceX employees to get rich — and now thousands of them are millionaires,http://www.bing.com/news/apiclick.aspx?ref=FexRss&aid=&tid=6a51cf5078a2416686687e27a923ebfa&url=https%3a%2f%2fwww.businessinsider.com%2felon-musk-spacex-ipo-wealth-employees-millionaires-stock-options-equity-2026-7&c=6307384582889306833&mkt=en-us,0.5574,positive
2026-07-11T05:06:24.544925+00:00,Bing News SpaceX,"Thu, 09 Jul 2026 05:19:00 GMT",SpaceX rocket launch creates 'jellyfish' early Thursday over Cape. See Photos.,http://www.bing.com/news/apiclick.aspx?ref=FexRss&aid=&tid=6a51cf5078a2416686687e27a923ebfa&url=https%3a%2f%2fwww.usatoday.com%2fstory%2ftech%2fscience%2fspace%2f2026%2f07%2f09%2fphotos-of-thursday-morning-spacex-jellyfish-rocket-launch-from-cape-canaveral%2f90845212007%2f&c=17048198034491088670&mkt=en-us,0.2732,positive
2026-07-11T05:06:24.544925+00:00,Bing News SpaceX,"Thu, 09 Jul 2026 02:36:09 GMT",SpaceX Falcon 9 rocket launches for record-breaking 36th time,http://www.bing.com/news/apiclick.aspx?ref=FexRss&aid=&tid=6a51cf5078a2416686687e27a923ebfa&url=https%3a%2f%2fwww.msn.com%2fen-us%2fnews%2ftechnology%2fwatch-a-spacex-falcon-9-rocket-launch-for-record-breaking-36th-time-early-on-july-9%2far-AA27vZmH&c=10219505811034744121&mkt=en-us,0.0,neutral
2026-07-11T05:06:24.544925+00:00,Spaceflight Now,"Thu, 09 Jul 2026 02:14:49 +0000",SpaceX launches Falcon 9 rocket on record-breaking 36th flight,https://spaceflightnow.com/2026/07/09/live-coverage-spacex-to-launch-falcon-9-rocket-on-record-breaking-36th-flight/,0.0,neutral
2026-07-11T05:06:24.544925+00:00,Space.com,"Wed, 08 Jul 2026 23:00:00 +0000",SpaceX Falcon 9 rocket launches for record-breaking 36th time,https://www.space.com/space-exploration/launches-spacecraft/spacex-falcon-9-rocket-launch-36th-time-new-record,0.0,neutral
2026-07-11T05:06:24.544925+00:00,Space.com,"Wed, 08 Jul 2026 22:00:00 +0000","Japanese company books 1,100 pounds of cargo space on SpaceX Starship mission to the moon",https://www.space.com/space-exploration/launches-spacecraft/japanese-company-books-1-100-pounds-of-cargo-space-on-spacex-starship-mission-to-the-moon,0.0,neutral
2026-07-11T05:06:24.544925+00:00,SpaceNews,"Wed, 08 Jul 2026 21:28:16 +0000",ispace to send larger payloads to the moon on SpaceX’s Starship,https://spacenews.com/ispace-to-send-larger-payloads-to-the-moon-on-spacexs-starship/,0.0,neutral
2026-07-11T05:06:24.544925+00:00,The Verge Space,2026-07-08T09:00:00-04:00,Fi&#8217;s Starlink-enabled pet tracker found my dog when LTE couldn&#8217;t,https://www.theverge.com/tech/962224/fi-ultra-dog-tracker-starlink-t-satellite-specs-price-release-date,0.0,neutral
2026-07-11T05:06:24.544925+00:00,Payload Space,"Wed, 08 Jul 2026 12:40:05 +0000",ispace Launches Lunar Integrator Service With Starship,https://payloadspace.com/ispace-launches-lunar-integrator-service-with-starship/,0.0,neutral
2026-07-11T05:06:24.544925+00:00,Bing News SpaceX,"Wed, 08 Jul 2026 09:50:00 GMT","Famed permabear warns SpaceX IPO could be laughed at in 50 years, 'craziest' market bet for Main Street",http://www.bing.com/news/apiclick.aspx?ref=FexRss&aid=&tid=6a51cf5078a2416686687e27a923ebfa&url=https%3a%2f%2fwww.foxbusiness.com%2fmarkets%2ffamed-permabear-warns-spacex-ipo-laughed-50-years-craziest-market-bet-main-street&c=11960602758910033153&mkt=en-us,0.34,positive
2026-07-11T05:06:24.544925+00:00,Bing News SpaceX,"Wed, 08 Jul 2026 02:51:00 GMT",A SpaceX holdout: We spoke to a rare analyst who doesn't rate the stock a buy,http://www.bing.com/news/apiclick.aspx?ref=FexRss&aid=&tid=6a51cf5078a2416686687e27a923ebfa&url=https%3a%2f%2fwww.msn.com%2fen-us%2fnews%2ftechnology%2fa-spacex-holdout-we-spoke-to-a-rare-analyst-who-doesnt-rate-the-stock-a-buy%2far-AA27t337&c=10253885761570841&mkt=en-us,0.0,neutral
2026-07-11T05:06:24.544925+00:00,Payload Space,"Tue, 07 Jul 2026 12:46:19 +0000",Transporter-17 Sends the First Commercial Nuclear Sat to Orbit,https://payloadspace.com/transporter-17-sends-the-first-commercial-nuclear-sat-to-orbit/,0.0,neutral
2026-07-11T05:06:24.544925+00:00,Space.com,"Tue, 07 Jul 2026 12:00:00 +0000",SpaceX just launched the 1st-ever nuclear-powered commercial satellite,https://www.space.com/space-exploration/launches-spacecraft/spacex-just-launched-the-1st-ever-nuclear-powered-commercial-satellite,0.128,neutral
2026-07-11T05:06:24.544925+00:00,NASASpaceflight,"Mon, 06 Jul 2026 21:45:21 +0000",Launch Preview: Long March 10B and Vikram-I debut,https://www.nasaspaceflight.com/2026/07/launch-long-march-10b-vikram-i-debut/,0.0,neutral
2026-07-11T05:06:24.544925+00:00,Spaceflight Now,"Mon, 06 Jul 2026 21:36:51 +0000","Fire detectors, military tech demos, 3D printers among SpaceX rideshare payloads launching on midnight Falcon 9 flight",https://spaceflightnow.com/2026/07/06/live-coverage-fire-detectors-military-tech-demos-3d-printers-among-spacex-rideshare-payloads-launching-on-midnight-falcon-9-flight/,-0.34,negative
2026-07-11T05:06:24.544925+00:00,Space.com,"Mon, 06 Jul 2026 21:00:00 +0000","SpaceX launches 81 satellites to orbit from California, lands rocket on ship at sea",https://www.space.com/space-exploration/launches-spacecraft/spacex-falcon-9-transporter-17-rideshare-launch-81-satellites,0.0,neutral
2026-07-11T05:06:24.544925+00:00,Spaceflight Now,"Sat, 04 Jul 2026 21:56:12 +0000",Semiconductor manufacturing test bed flies alongside Starlink satellites on Falcon 9 launch,https://spaceflightnow.com/2026/07/04/live-coverage-semiconductor-manufacturing-test-bed-to-fly-alongside-starlink-satellites-on-falcon-9-launch/,0.0,neutral
2026-07-11T05:06:24.544925+00:00,NASASpaceflight,"Fri, 03 Jul 2026 21:26:45 +0000",Starship in Florida pushing for launch this year,https://www.nasaspaceflight.com/2026/07/starship-florida-pushing-launch/,0.0,neutral
2026-07-11T05:06:24.544925+00:00,The Verge Space,2026-07-01T16:10:21-04:00,Elon Musk denies a report about SpaceX&#8217;s AI phone prototype,https://www.theverge.com/science/960442/spacex-phone-prototype-elon-musk,-0.4215,negative
2026-07-11T05:06:24.544925+00:00,Spaceflight Now,"Wed, 01 Jul 2026 17:12:31 +0000",SpaceX launches 24 Starlink satellites on Falcon 9 rocket from Vandenberg SFB,https://spaceflightnow.com/2026/07/01/live-coverage-spacex-to-launch-24-starlink-satellites-on-falcon-9-rocket-from-vandenberg-sfb-9/,0.0,neutral
2026-07-11T05:06:24.544925+00:00,Teslarati Space,"Mon, 29 Jun 2026 20:31:02 +0000","Tesla Phone? Not quite, but close: analyst",https://www.teslarati.com/tesla-phone-not-quite-but-close-analyst/,0.0,neutral
2026-07-11T05:06:24.544925+00:00,The Verge Space,2026-06-29T09:51:24-04:00,Rocket Lab is buying Iridium&#8217;s satellite network for $8 billion to take on SpaceX,https://www.theverge.com/science/958891/rocket-lab-iridium-acquisition-satellite-communications,0.0,neutral
2026-07-11T05:06:24.544925+00:00,Spaceflight Now,"Sun, 28 Jun 2026 18:37:19 +0000",SpaceX launches 7.5-ton SiriusXM satellite as part of constellation refresh,https://spaceflightnow.com/2026/06/28/live-coverage-spacex-to-launch-7-5-ton-siriusxm-satellite-as-part-of-constellation-refresh/,0.0,neutral
2026-07-11T05:06:24.544925+00:00,Spaceflight Now,"Sun, 28 Jun 2026 01:17:03 +0000",SpaceX launches Starlink satellites from Vandenberg Space Force Base,https://spaceflightnow.com/2026/06/28/live-coverage-spacex-plans-sunday-starlink-launch-from-vandenberg-space-force-base/,0.0,neutral
2026-07-11T05:06:24.544925+00:00,The Guardian Space,"Thu, 25 Jun 2026 01:02:55 GMT","What is China’s SpaceSail, and could it rival Elon Musk’s Starlink?",https://www.theguardian.com/world/2026/jun/25/china-spacesail-rival-elon-musk-starlink-space-satelites-low-earth-orbit,0.0,neutral
2026-07-11T05:06:24.544925+00:00,Teslarati Space,"Wed, 24 Jun 2026 06:02:15 +0000",SpaceX’s newest Starmind will make earth data centers obsolete,https://www.teslarati.com/spacex-starmind-ai-satellite-vs-starlink/,-0.296,negative
2026-07-11T05:06:24.544925+00:00,Teslarati Space,"Mon, 22 Jun 2026 18:27:49 +0000",SpaceX confirms third massive compute deal at Colossus data center,https://www.teslarati.com/spacex-confirms-third-massive-compute-deal-colossus-memphis/,0.0,neutral
2026-07-11T05:06:24.544925+00:00,Teslarati Space,"Mon, 22 Jun 2026 16:25:04 +0000",Elon Musk responds to SpaceX’s ESG rating and says its rockets won’t go electric,https://www.teslarati.com/elon-musk-responds-spacex-esg-rating-rockets-wont-go-electric/,0.0,neutral
2026-07-11T05:06:24.544925+00:00,Teslarati Space,"Mon, 22 Jun 2026 06:50:33 +0000",SpaceX is launching a secret spacecraft that could change how things are made in space,https://www.teslarati.com/spacex-starfall-spacecraft-demo-launch/,0.0,neutral
2026-07-11T05:06:24.544925+00:00,Teslarati Space,"Sat, 20 Jun 2026 16:32:31 +0000",President Trump touts new Air Force One with Musk technology,https://www.teslarati.com/president-trump-touts-new-air-force-one-musk-technology/,-0.0258,neutral
2026-07-11T05:06:24.544925+00:00,Teslarati Space,"Tue, 16 Jun 2026 13:48:44 +0000",SpaceX makes first acquisition post-IPO,https://www.teslarati.com/spacex-makes-first-acquisition-post-ipo-coding-leader-cursor/,0.0,neutral
2026-07-11T05:06:24.544925+00:00,Teslarati Space,"Mon, 15 Jun 2026 15:09:45 +0000",Tesla and SpaceX’s biggest bull just placed a massive $1B bet on the stock,https://www.teslarati.com/musk-biggest-bettor-ron-baron-reveals-massive-spacex-ipo-bet/,0.0,neutral
2026-07-11T05:06:24.544925+00:00,The Verge Space,2026-06-12T12:26:29-04:00,A trillion dollars is a stupid amount of money,https://www.theverge.com/tech/948917/elon-musk-trillionaire-how-much-visualization,-0.5267,negative
2026-07-11T05:06:24.544925+00:00,The Verge Space,2026-06-12T12:24:39-04:00,Elon Musk is the world&#8217;s first trillionaire,https://www.theverge.com/ai-artificial-intelligence/948409/elon-musk-trillionaire-spacex-ipo,0.0,neutral
2026-07-11T05:06:24.544925+00:00,The Verge Space,2026-06-12T10:35:48-04:00,SpaceX’s massive IPO: all the latest news,https://www.theverge.com/business/948996/spacex-ipo-elon-musk,0.0,neutral
2026-07-11T05:06:24.544925+00:00,Teslarati Space,"Wed, 10 Jun 2026 16:24:13 +0000",SpaceX’s Elon Musk relieves worries about orbital data centers,https://www.teslarati.com/spacex-elon-musk-relieves-worries-orbital-data-centers/,-0.0772,neutral
2026-07-11T05:06:24.544925+00:00,The Guardian Space,"Tue, 09 Jun 2026 17:07:04 GMT",‘Earth’s first starfleet’: Nasa reveals Artemis III crew and project’s next steps,https://www.theguardian.com/science/2026/jun/09/artemis-iii-crew-nasa-moon,0.0,neutral
2026-07-11T05:06:24.544925+00:00,Teslarati Space,"Mon, 08 Jun 2026 16:08:13 +0000",SpaceX IPO set to provide massive $11.6B windfall for teacher pension plan,https://www.teslarati.com/spacex-ipo-set-provide-massive-11-6b-windfall-teacher-pension-plan/,0.0,neutral
2026-07-11T05:06:24.544925+00:00,The Guardian Space,"Thu, 04 Jun 2026 14:27:20 GMT","SpaceX targets biggest ever stock market debut, putting Musk on course to be trillionaire",https://www.theguardian.com/science/2026/jun/03/spacex-ipo-stock-musk,0.0,neutral
